[2026-05-17 09:13:19] Watcher started. Monitoring scripts/maintenance/inbox
[2026-05-17 09:13:50] Detected trigger: asymptotic-freedom.json
[2026-05-17 09:13:50] Executing commit for: asymptotic-freedom
[2026-05-17 09:13:56] SUCCESS: asymptotic-freedom committed.
[2026-05-17 09:13:56] ✓ MariaDB Injection Successful: [asymptotic-freedom]
LOADED: 5544 pre-rendered SVGs from persistent cache.
LOADED: Build manifest with 1551 hashes.
REGISTERED: qcd-beta-function-leading-order-68844e43
REGISTERED: running-coupling-constant-formula-207b0de1
REGISTERED: vacuum-polarization-antiscreening-ident-ad9cccac
REGISTERED: deep-inelastic-scaling-relation-cf2418cf
Saved updated formula registry to disk.
Linked 'Color Confinement' -> 'color-confinement' in asymptotic-freedom
Linked 'Color Charge' -> 'color-charge' in asymptotic-freedom
Linked 'Scientific Realism' -> 'scientific-realism' in asymptotic-freedom
Linked 'Block Universe' -> 'block-universe' in asymptotic-freedom
Linked 'Total Dynamics' -> 'total-dynamics' in asymptotic-freedom
Linked 'Manifest Covariance' -> 'manifest-covariance' in asymptotic-freedom
Linked 'Born Interpretation' -> 'born-interpretation' in asymptotic-freedom
Linked 'Metric Tensor' -> 'metric-tensor' in asymptotic-freedom
Linked 'Total Mechanical Energy' -> 'total-mechanical-energy' in asymptotic-freedom
Linked 'Angular Frequency' -> 'angular-frequency' in asymptotic-freedom
Linked 'Black Holes' -> 'black-holes' in asymptotic-freedom
Linked 'Correspondence Principle' -> 'correspondence-principle' in asymptotic-freedom
Repaired and updated links in app/config/content/standard-model.json
LOADED: 5544 pre-rendered SVGs from persistent cache.
LOADED: Build manifest with 1551 hashes.
Pre-rendering 4 associated formulas...
Phase 1: Batch rendering SVGs for 1519 subtopics...
SUCCESS: Search index updated with 1519 entries.
SAVED: 5549 SVGs to persistent cache.
SUCCESS: Fully sharded save complete in app/config/content
Committing to Git: Great Expansion: Content Update 2026-05-17 09:13...
✓ Git commit successful.
Injecting asymptotic-freedom into MariaDB...
LOADED: 5549 pre-rendered SVGs from persistent cache.
LOADED: Build manifest with 1551 hashes.

[1m=== INTEGRITY SHIELD (SHARDED) ===[0m
Directory: app/config/content
Status: 14 shards, 1519 topics.
Stats:  11091 links, 4644 formula refs.
[93mNOTE: 'jsonschema' library not found. Skipping structural validation.[0m

[93mWARNINGS (1009):[0m
  - Non-Technical: [energy-momentum-relation] density too low (Score: 5).
  - Low Depth: [reynolds-transport-theorem-physics] word count too low (446).
  - Low Depth: [relativistic-4-force-dynamics] word count too low (485).
  - Low Depth: [weak-form-newton] word count too low (487).
  - Low Depth: [retardation-effect] word count too low (432).
  ... and 1004 more.

[92m✓ SHIELD SECURE: All shards are valid and linked.[0m
Successfully committed asymptotic-freedom. Next target: color-confinement

[2026-05-17 09:13:56] Removed trigger: asymptotic-freedom.json
[2026-05-17 09:17:59] Detected trigger: color-confinement.json
[2026-05-17 09:17:59] Executing commit for: color-confinement
[2026-05-17 09:18:06] SUCCESS: color-confinement committed.
[2026-05-17 09:18:06] ✓ MariaDB Injection Successful: [color-confinement]
LOADED: 5549 pre-rendered SVGs from persistent cache.
LOADED: Build manifest with 1551 hashes.
REGISTERED: cornell-potential-confinement-model-0efbe7e2
REGISTERED: qcd-wilson-loop-area-law-fcd76668
REGISTERED: string-snapping-hadronization-limit-71f3a906
REGISTERED: qcd-scale-lambda-parameter-0949a70c
Saved updated formula registry to disk.
Linked 'Block Universe' -> 'block-universe' in color-confinement
Linked 'Scientific Realism' -> 'scientific-realism' in color-confinement
Linked 'Total Mechanical Energy' -> 'total-mechanical-energy' in color-confinement
Linked 'Hadronization' -> 'hadronization' in color-confinement
Linked 'Fermions' -> 'fermions' in color-confinement
Linked 'Total Dynamics' -> 'total-dynamics' in color-confinement
Linked 'Analytical Mechanics' -> 'analytical-mechanics' in color-confinement
Linked 'Asymptotic Freedom' -> 'asymptotic-freedom' in color-confinement
Linked 'Quarks' -> 'quarks' in color-confinement
Linked 'LHC Searches' -> 'lhc-searches' in color-confinement
Linked 'Black Holes' -> 'black-holes' in color-confinement
Linked 'Metric Tensor' -> 'metric-tensor' in color-confinement
Linked 'Born Interpretation' -> 'born-interpretation' in color-confinement
Linked 'Correspondence Principle' -> 'correspondence-principle' in color-confinement
Linked 'Least Action Principle' -> 'least-action-principle' in color-confinement
Repaired and updated links in app/config/content/standard-model.json
LOADED: 5549 pre-rendered SVGs from persistent cache.
LOADED: Build manifest with 1551 hashes.
Pre-rendering 4 associated formulas...
Phase 1: Batch rendering SVGs for 1519 subtopics...
SUCCESS: Search index updated with 1519 entries.
SAVED: 5556 SVGs to persistent cache.
SUCCESS: Fully sharded save complete in app/config/content
Committing to Git: Great Expansion: Content Update 2026-05-17 09:18...
✓ Git commit successful.
Injecting color-confinement into MariaDB...
LOADED: 5556 pre-rendered SVGs from persistent cache.
LOADED: Build manifest with 1551 hashes.

[1m=== INTEGRITY SHIELD (SHARDED) ===[0m
Directory: app/config/content
Status: 14 shards, 1519 topics.
Stats:  11105 links, 4646 formula refs.
[93mNOTE: 'jsonschema' library not found. Skipping structural validation.[0m

[93mWARNINGS (1009):[0m
  - Non-Technical: [energy-momentum-relation] density too low (Score: 5).
  - Low Depth: [reynolds-transport-theorem-physics] word count too low (446).
  - Low Depth: [relativistic-4-force-dynamics] word count too low (485).
  - Low Depth: [weak-form-newton] word count too low (487).
  - Low Depth: [retardation-effect] word count too low (432).
  ... and 1004 more.

[92m✓ SHIELD SECURE: All shards are valid and linked.[0m
Successfully committed color-confinement. Next target: beta-function

[2026-05-17 09:18:06] Removed trigger: color-confinement.json
[2026-05-17 09:19:56] Detected trigger: beta-function.json
[2026-05-17 09:19:56] Executing commit for: beta-function
[2026-05-17 09:20:02] SUCCESS: beta-function committed.
[2026-05-17 09:20:02] ✓ MariaDB Injection Successful: [beta-function]
LOADED: 5556 pre-rendered SVGs from persistent cache.
LOADED: Build manifest with 1551 hashes.
REGISTERED: qcd-beta-function-coefficients-su3-1395308e
REGISTERED: callan-symanzik-rge-operator-ae09bcd3
REGISTERED: running-coupling-log-evolution-b0cbef95
REGISTERED: dimensional-transmutation-lambda-qcd-ec3c1781
Saved updated formula registry to disk.
Linked 'Renormalization Group' -> 'renormalization-group' in beta-function
Linked 'Color Confinement' -> 'color-confinement' in beta-function
Linked 'Scientific Realism' -> 'scientific-realism' in beta-function
Linked 'Block Universe' -> 'block-universe' in beta-function
Linked 'Quarks' -> 'quarks' in beta-function
Linked 'Asymptotic Freedom' -> 'asymptotic-freedom' in beta-function
Linked 'Total Dynamics' -> 'total-dynamics' in beta-function
Linked 'Analytical Mechanics' -> 'analytical-mechanics' in beta-function
Linked 'Energy Density' -> 'energy-density' in beta-function
Linked 'Grand Unification' -> 'grand-unification' in beta-function
Linked 'Metric Tensor' -> 'metric-tensor' in beta-function
Linked 'Total Mechanical Energy' -> 'total-mechanical-energy' in beta-function
Linked 'Born Interpretation' -> 'born-interpretation' in beta-function
Linked 'Angular Frequency' -> 'angular-frequency' in beta-function
Linked 'Black Holes' -> 'black-holes' in beta-function
Linked 'Correspondence Principle' -> 'correspondence-principle' in beta-function
Repaired and updated links in app/config/content/standard-model.json
LOADED: 5556 pre-rendered SVGs from persistent cache.
LOADED: Build manifest with 1551 hashes.
Pre-rendering 4 associated formulas...
Phase 1: Batch rendering SVGs for 1519 subtopics...
SUCCESS: Search index updated with 1519 entries.
SAVED: 5561 SVGs to persistent cache.
SUCCESS: Fully sharded save complete in app/config/content
Committing to Git: Great Expansion: Content Update 2026-05-17 09:19...
✓ Git commit successful.
Injecting beta-function into MariaDB...
LOADED: 5561 pre-rendered SVGs from persistent cache.
LOADED: Build manifest with 1551 hashes.

[1m=== INTEGRITY SHIELD (SHARDED) ===[0m
Directory: app/config/content
Status: 14 shards, 1519 topics.
Stats:  11121 links, 4649 formula refs.
[93mNOTE: 'jsonschema' library not found. Skipping structural validation.[0m

[93mWARNINGS (1009):[0m
  - Non-Technical: [energy-momentum-relation] density too low (Score: 5).
  - Low Depth: [reynolds-transport-theorem-physics] word count too low (446).
  - Low Depth: [relativistic-4-force-dynamics] word count too low (485).
  - Low Depth: [weak-form-newton] word count too low (487).
  - Low Depth: [retardation-effect] word count too low (432).
  ... and 1004 more.

[92m✓ SHIELD SECURE: All shards are valid and linked.[0m
Successfully committed beta-function. Next target: Pillar Complete

[2026-05-17 09:20:02] Removed trigger: beta-function.json
[2026-05-17 09:22:16] Detected trigger: baryogenesis.json
[2026-05-17 09:22:16] Executing commit for: baryogenesis
[2026-05-17 09:22:22] SUCCESS: baryogenesis committed.
[2026-05-17 09:22:22] ✓ MariaDB Injection Successful: [baryogenesis]
LOADED: 5561 pre-rendered SVGs from persistent cache.
LOADED: Build manifest with 1551 hashes.
REGISTERED: sakharov-conditions-existential-rule-ee3c331a
REGISTERED: baryon-photon-ratio-eta-ident-3fd62e75
REGISTERED: baryon-to-entropy-ratio-yb-ee31c1eb
REGISTERED: cp-asymmetry-decay-parameter-abee6c79
Saved updated formula registry to disk.
Linked 'Sakharov Conditions' -> 'sakharov-conditions' in baryogenesis
Linked 'Thermal Disequilibrium' -> 'thermal-disequilibrium' in baryogenesis
Linked 'Block Universe' -> 'block-universe' in baryogenesis
Linked 'Scientific Realism' -> 'scientific-realism' in baryogenesis
Linked 'Baryon-Photon Ratio' -> 'baryon-photon-ratio' in baryogenesis
Linked 'Total Dynamics' -> 'total-dynamics' in baryogenesis
Linked 'Total Mechanical Energy' -> 'total-mechanical-energy' in baryogenesis
Linked 'CP Violation' -> 'cp-violation' in baryogenesis
Linked 'CKM Matrix' -> 'ckm-matrix' in baryogenesis
Linked 'Leptogenesis' -> 'leptogenesis' in baryogenesis
Linked 'Born Interpretation' -> 'born-interpretation' in baryogenesis
Linked 'Sphalerons' -> 'sphalerons' in baryogenesis
Linked 'Baryon Number Violation' -> 'baryon-number-violation' in baryogenesis
Linked 'Metric Tensor' -> 'metric-tensor' in baryogenesis
Linked 'Least Action Principle' -> 'least-action-principle' in baryogenesis
Linked 'Black Holes' -> 'black-holes' in baryogenesis
Linked 'Correspondence Principle' -> 'correspondence-principle' in baryogenesis
Repaired and updated links in app/config/content/standard-model.json
LOADED: 5561 pre-rendered SVGs from persistent cache.
LOADED: Build manifest with 1551 hashes.
Pre-rendering 4 associated formulas...
Phase 1: Batch rendering SVGs for 1519 subtopics...
SUCCESS: Search index updated with 1519 entries.
SAVED: 5568 SVGs to persistent cache.
SUCCESS: Fully sharded save complete in app/config/content
Committing to Git: Great Expansion: Content Update 2026-05-17 09:22...
✓ Git commit successful.
Rebuilding hub cache for: standard-model
Surgically building: standard-model...
Injecting baryogenesis into MariaDB...
LOADED: 5568 pre-rendered SVGs from persistent cache.
LOADED: Build manifest with 1551 hashes.

[1m=== INTEGRITY SHIELD (SHARDED) ===[0m
Directory: app/config/content
Status: 14 shards, 1519 topics.
Stats:  11125 links, 4649 formula refs.
[93mNOTE: 'jsonschema' library not found. Skipping structural validation.[0m

[93mWARNINGS (1010):[0m
  - Non-Technical: [energy-momentum-relation] density too low (Score: 5).
  - Low Depth: [reynolds-transport-theorem-physics] word count too low (446).
  - Low Depth: [relativistic-4-force-dynamics] word count too low (485).
  - Low Depth: [weak-form-newton] word count too low (487).
  - Low Depth: [retardation-effect] word count too low (432).
  ... and 1005 more.

[92m✓ SHIELD SECURE: All shards are valid and linked.[0m
Successfully committed baryogenesis. Next target: cp-violation

[2026-05-17 09:22:22] Removed trigger: baryogenesis.json
[2026-05-17 09:26:23] Detected trigger: cp-violation.json
[2026-05-17 09:26:23] Executing commit for: cp-violation
[2026-05-17 09:26:30] SUCCESS: cp-violation committed.
[2026-05-17 09:26:30] ✓ MariaDB Injection Successful: [cp-violation]
LOADED: 5568 pre-rendered SVGs from persistent cache.
LOADED: Build manifest with 1551 hashes.
REGISTERED: neutral-kaon-decay-asymmetry-formula-83658c34
REGISTERED: ckm-unitary-triangle-closure-relation-9141f5b2
REGISTERED: jarlskog-invariant-cp-measure-2f2f2397
REGISTERED: cpt-theorem-mass-invariance-3156ff2d
Saved updated formula registry to disk.
Linked 'Baryogenesis' -> 'baryogenesis' in cp-violation
Linked 'Scientific Realism' -> 'scientific-realism' in cp-violation
Linked 'Block Universe' -> 'block-universe' in cp-violation
Linked 'Quantum Field Theory' -> 'quantum-field-theory' in cp-violation
Linked 'Total Dynamics' -> 'total-dynamics' in cp-violation
Linked 'Manifest Covariance' -> 'manifest-covariance' in cp-violation
Linked 'Unitarity' -> 'unitarity' in cp-violation
Linked 'CKM Matrix' -> 'ckm-matrix' in cp-violation
Linked 'Generations' -> 'generations' in cp-violation
Linked 'Baryon-Photon Ratio' -> 'baryon-photon-ratio' in cp-violation
Linked 'Sakharov Conditions' -> 'sakharov-conditions' in cp-violation
Linked 'Metric Tensor' -> 'metric-tensor' in cp-violation
Linked 'Least Action Principle' -> 'least-action-principle' in cp-violation
Linked 'Black Holes' -> 'black-holes' in cp-violation
Linked 'Correspondence Principle' -> 'correspondence-principle' in cp-violation
Linked 'Sakharov Conditions' -> 'sakharov-conditions' in baryogenesis
Linked 'Thermal Disequilibrium' -> 'thermal-disequilibrium' in baryogenesis
Linked 'Total Mechanical Energy' -> 'total-mechanical-energy' in baryogenesis
Repaired and updated links in app/config/content/standard-model.json
LOADED: 5568 pre-rendered SVGs from persistent cache.
LOADED: Build manifest with 1551 hashes.
Pre-rendering 4 associated formulas...
Phase 1: Batch rendering SVGs for 1519 subtopics...
SUCCESS: Search index updated with 1519 entries.
SAVED: 5576 SVGs to persistent cache.
SUCCESS: Fully sharded save complete in app/config/content
Committing to Git: Great Expansion: Content Update 2026-05-17 09:26...
✓ Git commit successful.
Injecting cp-violation into MariaDB...
LOADED: 5576 pre-rendered SVGs from persistent cache.
LOADED: Build manifest with 1551 hashes.

[1m=== INTEGRITY SHIELD (SHARDED) ===[0m
Directory: app/config/content
Status: 14 shards, 1519 topics.
Stats:  11141 links, 4649 formula refs.
[93mNOTE: 'jsonschema' library not found. Skipping structural validation.[0m

[93mWARNINGS (1009):[0m
  - Non-Technical: [energy-momentum-relation] density too low (Score: 5).
  - Low Depth: [reynolds-transport-theorem-physics] word count too low (446).
  - Low Depth: [relativistic-4-force-dynamics] word count too low (485).
  - Low Depth: [weak-form-newton] word count too low (487).
  - Low Depth: [retardation-effect] word count too low (432).
  ... and 1004 more.

[92m✓ SHIELD SECURE: All shards are valid and linked.[0m
Successfully committed cp-violation. Next target: baryon-number-violation

[2026-05-17 09:26:30] Removed trigger: cp-violation.json
[2026-05-17 09:29:51] Detected trigger: baryon-number-violation.json
[2026-05-17 09:29:51] Executing commit for: baryon-number-violation
[2026-05-17 09:29:51] FAILURE: baryon-number-violation failed with code 1
[2026-05-17 09:29:51] Traceback (most recent call last):
  File "/Users/holobetj/code/gemini/terra/scripts/maintenance/commit_node.py", line 208, in <module>
    commit_node(slug_arg, html_arg, ident_arg)
    ~~~~~~~~~~~^^^^^^^^^^^^^^^^^^^^^^^^^^^^^^^
  File "/Users/holobetj/code/gemini/terra/scripts/maintenance/commit_node.py", line 76, in commit_node
    new_fids = register_identities(identities_file, slug, orch)
  File "/Users/holobetj/code/gemini/terra/scripts/maintenance/commit_node.py", line 13, in register_identities
    identities_list = json.load(f)
  File "/opt/homebrew/Cellar/python@3.14/3.14.5/Frameworks/Python.framework/Versions/3.14/lib/python3.14/json/__init__.py", line 298, in load
    return loads(fp.read(),
        cls=cls, object_hook=object_hook,
        parse_float=parse_float, parse_int=parse_int,
        parse_constant=parse_constant, object_pairs_hook=object_pairs_hook, **kw)
  File "/opt/homebrew/Cellar/python@3.14/3.14.5/Frameworks/Python.framework/Versions/3.14/lib/python3.14/json/__init__.py", line 352, in loads
    return _default_decoder.decode(s)
           ~~~~~~~~~~~~~~~~~~~~~~~^^^
  File "/opt/homebrew/Cellar/python@3.14/3.14.5/Frameworks/Python.framework/Versions/3.14/lib/python3.14/json/decoder.py", line 345, in decode
    obj, end = self.raw_decode(s, idx=_w(s, 0).end())
               ~~~~~~~~~~~~~~~^^^^^^^^^^^^^^^^^^^^^^^
  File "/opt/homebrew/Cellar/python@3.14/3.14.5/Frameworks/Python.framework/Versions/3.14/lib/python3.14/json/decoder.py", line 361, in raw_decode
    obj, end = self.scan_once(s, idx)
               ~~~~~~~~~~~~~~^^^^^^^^
json.decoder.JSONDecodeError: Invalid \escape: line 5 column 41 (char 152)

[2026-05-17 09:29:51] LOADED: 5576 pre-rendered SVGs from persistent cache.
LOADED: Build manifest with 1551 hashes.

[2026-05-17 09:29:51] Removed trigger: baryon-number-violation.json
[2026-05-17 09:30:08] Detected trigger: baryon-number-violation.json
[2026-05-17 09:30:08] Executing commit for: baryon-number-violation
[2026-05-17 09:30:15] SUCCESS: baryon-number-violation committed.
[2026-05-17 09:30:15] ✓ MariaDB Injection Successful: [baryon-number-violation]
LOADED: 5576 pre-rendered SVGs from persistent cache.
LOADED: Build manifest with 1551 hashes.
REGISTERED: abj-anomaly-baryon-current-divergence-07ce2259
REGISTERED: b-minus-l-conservation-law-e4f9b9fb
REGISTERED: chern-simons-number-delta-b-19470493
REGISTERED: proton-decay-lifetime-bound-36615fd1
Saved updated formula registry to disk.
Linked 'Baryogenesis' -> 'baryogenesis' in cp-violation
Linked 'Baryogenesis' -> 'baryogenesis' in baryon-number-violation
Linked 'Scientific Realism' -> 'scientific-realism' in baryon-number-violation
Linked 'Total Dynamics' -> 'total-dynamics' in baryon-number-violation
Linked 'Unitarity' -> 'unitarity' in baryon-number-violation
Linked 'Leptons' -> 'leptons' in baryon-number-violation
Linked 'Leptogenesis' -> 'leptogenesis' in baryon-number-violation
Linked 'Sphalerons' -> 'sphalerons' in baryon-number-violation
Linked 'Analytical Mechanics' -> 'analytical-mechanics' in baryon-number-violation
Linked 'Block Universe' -> 'block-universe' in baryon-number-violation
Linked 'Total Mechanical Energy' -> 'total-mechanical-energy' in baryon-number-violation
Linked 'Sakharov Conditions' -> 'sakharov-conditions' in baryon-number-violation
Linked 'Baryon-Photon Ratio' -> 'baryon-photon-ratio' in baryon-number-violation
Linked 'Born Interpretation' -> 'born-interpretation' in baryon-number-violation
Linked 'Black Holes' -> 'black-holes' in baryon-number-violation
Linked 'Correspondence Principle' -> 'correspondence-principle' in baryon-number-violation
Repaired and updated links in app/config/content/standard-model.json
LOADED: 5576 pre-rendered SVGs from persistent cache.
LOADED: Build manifest with 1551 hashes.
Pre-rendering 4 associated formulas...
Phase 1: Batch rendering SVGs for 1519 subtopics...
SUCCESS: Search index updated with 1519 entries.
SAVED: 5585 SVGs to persistent cache.
SUCCESS: Fully sharded save complete in app/config/content
Committing to Git: Great Expansion: Content Update 2026-05-17 09:30...
✓ Git commit successful.
Injecting baryon-number-violation into MariaDB...
LOADED: 5585 pre-rendered SVGs from persistent cache.
LOADED: Build manifest with 1551 hashes.

[1m=== INTEGRITY SHIELD (SHARDED) ===[0m
Directory: app/config/content
Status: 14 shards, 1519 topics.
Stats:  11156 links, 4649 formula refs.
[93mNOTE: 'jsonschema' library not found. Skipping structural validation.[0m

[93mWARNINGS (1010):[0m
  - Non-Technical: [energy-momentum-relation] density too low (Score: 5).
  - Low Depth: [reynolds-transport-theorem-physics] word count too low (446).
  - Low Depth: [relativistic-4-force-dynamics] word count too low (485).
  - Low Depth: [weak-form-newton] word count too low (487).
  - Low Depth: [retardation-effect] word count too low (432).
  ... and 1005 more.

[92m✓ SHIELD SECURE: All shards are valid and linked.[0m
Successfully committed baryon-number-violation. Next target: thermal-disequilibrium

[2026-05-17 09:30:15] Removed trigger: baryon-number-violation.json
[2026-05-17 09:30:47] Detected trigger: thermal-disequilibrium.json
[2026-05-17 09:30:47] Executing commit for: thermal-disequilibrium
[2026-05-17 09:30:54] SUCCESS: thermal-disequilibrium committed.
[2026-05-17 09:30:54] ✓ MariaDB Injection Successful: [thermal-disequilibrium]
LOADED: 5585 pre-rendered SVGs from persistent cache.
LOADED: Build manifest with 1551 hashes.
REGISTERED: freeze-out-condition-expansion-rate-0e1eb083
REGISTERED: detailed-balance-equilibrium-equality-f1cd8635
REGISTERED: comoving-entropy-density-conservation-dfa24fb8
REGISTERED: boltzmann-distribution-equilibrium-state-6cd6a17e
Saved updated formula registry to disk.
Linked 'Baryogenesis' -> 'baryogenesis' in thermal-disequilibrium
Linked 'Scientific Realism' -> 'scientific-realism' in thermal-disequilibrium
Linked 'Total Dynamics' -> 'total-dynamics' in thermal-disequilibrium
Linked 'Total Mechanical Energy' -> 'total-mechanical-energy' in thermal-disequilibrium
Linked 'Manifest Covariance' -> 'manifest-covariance' in thermal-disequilibrium
Linked 'CP Violation' -> 'cp-violation' in thermal-disequilibrium
Linked 'Born Interpretation' -> 'born-interpretation' in thermal-disequilibrium
Linked 'Black Holes' -> 'black-holes' in thermal-disequilibrium
Linked 'Correspondence Principle' -> 'correspondence-principle' in thermal-disequilibrium
Linked 'Least Action Principle' -> 'least-action-principle' in thermal-disequilibrium
Repaired and updated links in app/config/content/standard-model.json
LOADED: 5585 pre-rendered SVGs from persistent cache.
LOADED: Build manifest with 1551 hashes.
Pre-rendering 4 associated formulas...
Phase 1: Batch rendering SVGs for 1519 subtopics...
SUCCESS: Search index updated with 1519 entries.
SAVED: 5594 SVGs to persistent cache.
SUCCESS: Fully sharded save complete in app/config/content
Committing to Git: Great Expansion: Content Update 2026-05-17 09:30...
✓ Git commit successful.
Injecting thermal-disequilibrium into MariaDB...
LOADED: 5594 pre-rendered SVGs from persistent cache.
LOADED: Build manifest with 1551 hashes.

[1m=== INTEGRITY SHIELD (SHARDED) ===[0m
Directory: app/config/content
Status: 14 shards, 1519 topics.
Stats:  11164 links, 4649 formula refs.
[93mNOTE: 'jsonschema' library not found. Skipping structural validation.[0m

[93mWARNINGS (1011):[0m
  - Non-Technical: [energy-momentum-relation] density too low (Score: 5).
  - Low Depth: [reynolds-transport-theorem-physics] word count too low (446).
  - Low Depth: [relativistic-4-force-dynamics] word count too low (485).
  - Low Depth: [weak-form-newton] word count too low (487).
  - Low Depth: [retardation-effect] word count too low (432).
  ... and 1006 more.

[92m✓ SHIELD SECURE: All shards are valid and linked.[0m
Successfully committed thermal-disequilibrium. Next target: sphalerons

[2026-05-17 09:30:54] Removed trigger: thermal-disequilibrium.json
[2026-05-17 09:32:13] Detected trigger: sphalerons.json
[2026-05-17 09:32:13] Executing commit for: sphalerons
[2026-05-17 09:32:19] SUCCESS: sphalerons committed.
[2026-05-17 09:32:19] ✓ MariaDB Injection Successful: [sphalerons]
LOADED: 5594 pre-rendered SVGs from persistent cache.
LOADED: Build manifest with 1551 hashes.
REGISTERED: electroweak-sphaleron-barrier-energy-1fbe6b1a
REGISTERED: sphaleron-baryon-violation-selection-9b863b05
REGISTERED: sphaleron-transition-rate-symmetric-81c3fcba
REGISTERED: chern-simons-topological-index-def-d3e41cae
Saved updated formula registry to disk.
Linked 'Fermions' -> 'fermions' in sphalerons
Linked 'Block Universe' -> 'block-universe' in sphalerons
Linked 'Scientific Realism' -> 'scientific-realism' in sphalerons
Linked 'Leptons' -> 'leptons' in sphalerons
Linked 'Born Interpretation' -> 'born-interpretation' in sphalerons
Linked 'Total Dynamics' -> 'total-dynamics' in sphalerons
Linked 'Unitarity' -> 'unitarity' in sphalerons
Linked 'History of the Universe' -> 'history-of-the-universe' in sphalerons
Linked 'Thermal Disequilibrium' -> 'thermal-disequilibrium' in sphalerons
Linked 'Gauge Bosons' -> 'gauge-bosons' in sphalerons
Linked 'Baryogenesis' -> 'baryogenesis' in sphalerons
Linked 'Leptogenesis' -> 'leptogenesis' in sphalerons
Linked 'Total Mechanical Energy' -> 'total-mechanical-energy' in sphalerons
Linked 'Black Holes' -> 'black-holes' in sphalerons
Linked 'Correspondence Principle' -> 'correspondence-principle' in sphalerons
Repaired and updated links in app/config/content/standard-model.json
LOADED: 5594 pre-rendered SVGs from persistent cache.
LOADED: Build manifest with 1551 hashes.
Pre-rendering 4 associated formulas...
Phase 1: Batch rendering SVGs for 1519 subtopics...
SUCCESS: Search index updated with 1519 entries.
SAVED: 5603 SVGs to persistent cache.
SUCCESS: Fully sharded save complete in app/config/content
Committing to Git: Great Expansion: Content Update 2026-05-17 09:32...
✓ Git commit successful.
Injecting sphalerons into MariaDB...
LOADED: 5603 pre-rendered SVGs from persistent cache.
LOADED: Build manifest with 1551 hashes.

[1m=== INTEGRITY SHIELD (SHARDED) ===[0m
Directory: app/config/content
Status: 14 shards, 1519 topics.
Stats:  11178 links, 4649 formula refs.
[93mNOTE: 'jsonschema' library not found. Skipping structural validation.[0m

[93mWARNINGS (1012):[0m
  - Non-Technical: [energy-momentum-relation] density too low (Score: 5).
  - Low Depth: [reynolds-transport-theorem-physics] word count too low (446).
  - Low Depth: [relativistic-4-force-dynamics] word count too low (485).
  - Low Depth: [weak-form-newton] word count too low (487).
  - Low Depth: [retardation-effect] word count too low (432).
  ... and 1007 more.

[92m✓ SHIELD SECURE: All shards are valid and linked.[0m
Successfully committed sphalerons. Next target: leptogenesis

[2026-05-17 09:32:19] Removed trigger: sphalerons.json
[2026-05-17 09:33:21] Detected trigger: leptogenesis.json
[2026-05-17 09:33:21] Executing commit for: leptogenesis
[2026-05-17 09:33:28] SUCCESS: leptogenesis committed.
[2026-05-17 09:33:28] ✓ MariaDB Injection Successful: [leptogenesis]
LOADED: 5603 pre-rendered SVGs from persistent cache.
LOADED: Build manifest with 1551 hashes.
REGISTERED: leptogenesis-cp-asymmetry-decay-rate-7213c456
REGISTERED: b-minus-l-to-baryon-conversion-ratio-24f0f592
REGISTERED: seesaw-mechanism-mass-relation-ident-3ffc1ac1
REGISTERED: davidson-ibarra-bound-asymmetry-limit-c2b06c48
Saved updated formula registry to disk.
Linked 'Seesaw Mechanism' -> 'seesaw-mechanism' in leptogenesis
Linked 'CP Violation' -> 'cp-violation' in leptogenesis
Linked 'Thermal Disequilibrium' -> 'thermal-disequilibrium' in leptogenesis
Linked 'Baryogenesis' -> 'baryogenesis' in leptogenesis
Linked 'Scientific Realism' -> 'scientific-realism' in leptogenesis
Linked 'Block Universe' -> 'block-universe' in leptogenesis
Linked 'Yukawa Coupling' -> 'yukawa-coupling' in leptogenesis
Linked 'Majorana Fermions' -> 'majorana-fermions' in leptogenesis
Linked 'Leptons' -> 'leptons' in leptogenesis
Linked 'Sakharov Conditions' -> 'sakharov-conditions' in leptogenesis
Linked 'Total Dynamics' -> 'total-dynamics' in leptogenesis
Linked 'Manifest Covariance' -> 'manifest-covariance' in leptogenesis
Linked 'Unitarity' -> 'unitarity' in leptogenesis
Linked 'Sphalerons' -> 'sphalerons' in leptogenesis
Linked 'Baryon Number Violation' -> 'baryon-number-violation' in leptogenesis
Linked 'Total Mechanical Energy' -> 'total-mechanical-energy' in leptogenesis
Linked 'Black Holes' -> 'black-holes' in leptogenesis
Linked 'Baryon-Photon Ratio' -> 'baryon-photon-ratio' in leptogenesis
Linked 'Metric Tensor' -> 'metric-tensor' in leptogenesis
Linked 'Correspondence Principle' -> 'correspondence-principle' in leptogenesis
Linked 'Least Action Principle' -> 'least-action-principle' in leptogenesis
Repaired and updated links in app/config/content/standard-model.json
LOADED: 5603 pre-rendered SVGs from persistent cache.
LOADED: Build manifest with 1551 hashes.
Pre-rendering 4 associated formulas...
Phase 1: Batch rendering SVGs for 1519 subtopics...
SUCCESS: Search index updated with 1519 entries.
SAVED: 5614 SVGs to persistent cache.
SUCCESS: Fully sharded save complete in app/config/content
Committing to Git: Great Expansion: Content Update 2026-05-17 09:33...
✓ Git commit successful.
Injecting leptogenesis into MariaDB...
LOADED: 5614 pre-rendered SVGs from persistent cache.
LOADED: Build manifest with 1551 hashes.

[1m=== INTEGRITY SHIELD (SHARDED) ===[0m
Directory: app/config/content
Status: 14 shards, 1519 topics.
Stats:  11197 links, 4649 formula refs.
[93mNOTE: 'jsonschema' library not found. Skipping structural validation.[0m

[93mWARNINGS (1013):[0m
  - Non-Technical: [energy-momentum-relation] density too low (Score: 5).
  - Low Depth: [reynolds-transport-theorem-physics] word count too low (446).
  - Low Depth: [relativistic-4-force-dynamics] word count too low (485).
  - Low Depth: [weak-form-newton] word count too low (487).
  - Low Depth: [retardation-effect] word count too low (432).
  ... and 1008 more.

[92m✓ SHIELD SECURE: All shards are valid and linked.[0m
Successfully committed leptogenesis. Next target: new-physics

[2026-05-17 09:33:28] Removed trigger: leptogenesis.json
[2026-05-17 09:34:30] Detected trigger: new-physics.json
[2026-05-17 09:34:30] Executing commit for: new-physics
[2026-05-17 09:34:30] FAILURE: new-physics failed with code 1
[2026-05-17 09:34:30] Traceback (most recent call last):
  File "/Users/holobetj/code/gemini/terra/scripts/maintenance/commit_node.py", line 208, in <module>
    commit_node(slug_arg, html_arg, ident_arg)
    ~~~~~~~~~~~^^^^^^^^^^^^^^^^^^^^^^^^^^^^^^^
  File "/Users/holobetj/code/gemini/terra/scripts/maintenance/commit_node.py", line 76, in commit_node
    new_fids = register_identities(identities_file, slug, orch)
  File "/Users/holobetj/code/gemini/terra/scripts/maintenance/commit_node.py", line 13, in register_identities
    identities_list = json.load(f)
  File "/opt/homebrew/Cellar/python@3.14/3.14.5/Frameworks/Python.framework/Versions/3.14/lib/python3.14/json/__init__.py", line 298, in load
    return loads(fp.read(),
        cls=cls, object_hook=object_hook,
        parse_float=parse_float, parse_int=parse_int,
        parse_constant=parse_constant, object_pairs_hook=object_pairs_hook, **kw)
  File "/opt/homebrew/Cellar/python@3.14/3.14.5/Frameworks/Python.framework/Versions/3.14/lib/python3.14/json/__init__.py", line 352, in loads
    return _default_decoder.decode(s)
           ~~~~~~~~~~~~~~~~~~~~~~~^^^
  File "/opt/homebrew/Cellar/python@3.14/3.14.5/Frameworks/Python.framework/Versions/3.14/lib/python3.14/json/decoder.py", line 345, in decode
    obj, end = self.raw_decode(s, idx=_w(s, 0).end())
               ~~~~~~~~~~~~~~~^^^^^^^^^^^^^^^^^^^^^^^
  File "/opt/homebrew/Cellar/python@3.14/3.14.5/Frameworks/Python.framework/Versions/3.14/lib/python3.14/json/decoder.py", line 361, in raw_decode
    obj, end = self.scan_once(s, idx)
               ~~~~~~~~~~~~~~^^^^^^^^
json.decoder.JSONDecodeError: Invalid \escape: line 5 column 103 (char 213)

[2026-05-17 09:34:30] LOADED: 5614 pre-rendered SVGs from persistent cache.
LOADED: Build manifest with 1551 hashes.

[2026-05-17 09:34:30] Removed trigger: new-physics.json
[2026-05-17 09:34:54] Detected trigger: new-physics.json
[2026-05-17 09:34:54] Executing commit for: new-physics
[2026-05-17 09:35:01] SUCCESS: new-physics committed.
[2026-05-17 09:35:01] ✓ MariaDB Injection Successful: [new-physics]
LOADED: 5614 pre-rendered SVGs from persistent cache.
LOADED: Build manifest with 1551 hashes.
REGISTERED: effective-field-theory-expansion-cutoff-e4d1c9b4
REGISTERED: susy-transformation-boson-fermion-f708b97a
REGISTERED: gut-coupling-unification-relation-884547e9
REGISTERED: dark-matter-relic-density-constraint-f53f1be2
Saved updated formula registry to disk.
Linked 'Effective Field Theory' -> 'effective-field-theory' in new-physics
Linked 'Scientific Realism' -> 'scientific-realism' in new-physics
Linked 'Block Universe' -> 'block-universe' in new-physics
Linked 'Grand Unification' -> 'grand-unification' in new-physics
Linked 'Supersymmetry' -> 'supersymmetry' in new-physics
Linked 'Unitarity' -> 'unitarity' in new-physics
Linked 'Total Dynamics' -> 'total-dynamics' in new-physics
Linked 'Manifest Covariance' -> 'manifest-covariance' in new-physics
Linked 'Hierarchy Problem' -> 'hierarchy-problem' in new-physics
Linked 'Fermions' -> 'fermions' in new-physics
Linked 'Dark Matter' -> 'dark-matter' in new-physics
Linked 'Analytical Mechanics' -> 'analytical-mechanics' in new-physics
Linked 'Baryogenesis' -> 'baryogenesis' in new-physics
Linked 'Sakharov Conditions' -> 'sakharov-conditions' in new-physics
Linked 'CP Violation' -> 'cp-violation' in new-physics
Linked 'CKM Matrix' -> 'ckm-matrix' in new-physics
Linked 'Baryon-Photon Ratio' -> 'baryon-photon-ratio' in new-physics
Linked 'Leptogenesis' -> 'leptogenesis' in new-physics
Linked 'Majorana Fermions' -> 'majorana-fermions' in new-physics
Linked 'Metric Tensor' -> 'metric-tensor' in new-physics
Linked 'Least Action Principle' -> 'least-action-principle' in new-physics
Linked 'Total Mechanical Energy' -> 'total-mechanical-energy' in new-physics
Linked 'Correspondence Principle' -> 'correspondence-principle' in new-physics
Linked 'Seesaw Mechanism' -> 'seesaw-mechanism' in leptogenesis
Linked 'Thermal Disequilibrium' -> 'thermal-disequilibrium' in leptogenesis
Repaired and updated links in app/config/content/standard-model.json
LOADED: 5614 pre-rendered SVGs from persistent cache.
LOADED: Build manifest with 1551 hashes.
Pre-rendering 4 associated formulas...
Phase 1: Batch rendering SVGs for 1519 subtopics...
SUCCESS: Search index updated with 1519 entries.
SAVED: 5624 SVGs to persistent cache.
SUCCESS: Fully sharded save complete in app/config/content
Committing to Git: Great Expansion: Content Update 2026-05-17 09:34...
✓ Git commit successful.
Injecting new-physics into MariaDB...
LOADED: 5624 pre-rendered SVGs from persistent cache.
LOADED: Build manifest with 1551 hashes.

[1m=== INTEGRITY SHIELD (SHARDED) ===[0m
Directory: app/config/content
Status: 14 shards, 1519 topics.
Stats:  11221 links, 4649 formula refs.
[93mNOTE: 'jsonschema' library not found. Skipping structural validation.[0m

[93mWARNINGS (1013):[0m
  - Non-Technical: [energy-momentum-relation] density too low (Score: 5).
  - Low Depth: [reynolds-transport-theorem-physics] word count too low (446).
  - Low Depth: [relativistic-4-force-dynamics] word count too low (485).
  - Low Depth: [weak-form-newton] word count too low (487).
  - Low Depth: [retardation-effect] word count too low (432).
  ... and 1008 more.

[92m✓ SHIELD SECURE: All shards are valid and linked.[0m
Successfully committed new-physics. Next target: Pillar Complete

[2026-05-17 09:35:01] Removed trigger: new-physics.json
[2026-05-17 10:06:48] Detected trigger: jeans-instability.json
[2026-05-17 10:06:48] Executing commit for: jeans-instability
[2026-05-17 10:06:55] SUCCESS: jeans-instability committed.
[2026-05-17 10:06:55] ✓ MariaDB Injection Successful: [jeans-instability]
LOADED: 5624 pre-rendered SVGs from persistent cache.
LOADED: Build manifest with 1551 hashes.
REGISTERED: jeans-mass-critical-threshold-21a223b3
REGISTERED: jeans-dispersion-relation-q-665b9678
REGISTERED: jeans-length-spatial-limit-4d7414d8
Saved updated formula registry to disk.
Linked 'Dynamical Collapse' -> 'dynamical-collapse' in jeans-instability
Linked 'Scientific Realism' -> 'scientific-realism' in jeans-instability
Linked 'Total Dynamics' -> 'total-dynamics' in jeans-instability
Linked 'Manifest Covariance' -> 'manifest-covariance' in jeans-instability
Linked 'Block Universe' -> 'block-universe' in jeans-instability
Linked 'Jeans Mass' -> 'jeans-mass' in jeans-instability
Linked 'Total Mechanical Energy' -> 'total-mechanical-energy' in jeans-instability
Linked 'Hydrostatic Equilibrium' -> 'hydrostatic-equilibrium' in jeans-instability
Linked 'Metric Tensor' -> 'metric-tensor' in jeans-instability
Linked 'Least Action Principle' -> 'least-action-principle' in jeans-instability
Linked 'Black Holes' -> 'black-holes' in jeans-instability
Linked 'General Relativity' -> 'general-relativity' in jeans-instability
Linked 'Correspondence Principle' -> 'correspondence-principle' in jeans-instability
Repaired and updated links in app/config/content/astrophysics.json
LOADED: 5624 pre-rendered SVGs from persistent cache.
LOADED: Build manifest with 1551 hashes.
Pre-rendering 3 associated formulas...
Phase 1: Batch rendering SVGs for 1519 subtopics...
SUCCESS: Search index updated with 1519 entries.
SAVED: 5632 SVGs to persistent cache.
SUCCESS: Fully sharded save complete in app/config/content
Committing to Git: Great Expansion: Content Update 2026-05-17 10:06...
✓ Git commit successful.
Injecting jeans-instability into MariaDB...
LOADED: 5632 pre-rendered SVGs from persistent cache.
LOADED: Build manifest with 1551 hashes.

[1m=== INTEGRITY SHIELD (SHARDED) ===[0m
Directory: app/config/content
Status: 14 shards, 1519 topics.
Stats:  11234 links, 4648 formula refs.
[93mNOTE: 'jsonschema' library not found. Skipping structural validation.[0m

[93mWARNINGS (1014):[0m
  - Non-Technical: [energy-momentum-relation] density too low (Score: 5).
  - Low Depth: [reynolds-transport-theorem-physics] word count too low (446).
  - Low Depth: [relativistic-4-force-dynamics] word count too low (485).
  - Low Depth: [weak-form-newton] word count too low (487).
  - Low Depth: [retardation-effect] word count too low (432).
  ... and 1009 more.

[92m✓ SHIELD SECURE: All shards are valid and linked.[0m
Successfully committed jeans-instability. Next target: hydrostatic-equilibrium

[2026-05-17 10:06:55] Removed trigger: jeans-instability.json
[2026-05-17 10:10:05] Detected trigger: hydrostatic-equilibrium.json
[2026-05-17 10:10:05] Executing commit for: hydrostatic-equilibrium
[2026-05-17 10:10:11] SUCCESS: hydrostatic-equilibrium committed.
[2026-05-17 10:10:11] ✓ MariaDB Injection Successful: [hydrostatic-equilibrium]
LOADED: 5632 pre-rendered SVGs from persistent cache.
LOADED: Build manifest with 1551 hashes.
REGISTERED: hydrostatic-equilibrium-equation-0508c781
REGISTERED: mass-continuity-stellar-relation-c1b59288
Saved updated formula registry to disk.
Linked 'Dynamical Collapse' -> 'dynamical-collapse' in hydrostatic-equilibrium
Linked 'Euler Equations' -> 'euler-equations' in hydrostatic-equilibrium
Linked 'Virial Theorem' -> 'virial-theorem' in hydrostatic-equilibrium
Linked 'Scientific Realism' -> 'scientific-realism' in hydrostatic-equilibrium
Linked 'Metric Tensor' -> 'metric-tensor' in hydrostatic-equilibrium
Linked 'Total Mechanical Energy' -> 'total-mechanical-energy' in hydrostatic-equilibrium
Linked 'Total Dynamics' -> 'total-dynamics' in hydrostatic-equilibrium
Linked 'Manifest Covariance' -> 'manifest-covariance' in hydrostatic-equilibrium
Linked 'Block Universe' -> 'block-universe' in hydrostatic-equilibrium
Linked 'Ideal Gas Law' -> 'ideal-gas-law' in hydrostatic-equilibrium
Linked 'Nuclear Binding Energy' -> 'nuclear-binding-energy' in hydrostatic-equilibrium
Linked 'Degeneracy Pressure' -> 'degeneracy-pressure' in hydrostatic-equilibrium
Linked 'Pauli Exclusion Principle' -> 'pauli-exclusion-principle' in hydrostatic-equilibrium
Linked 'Born Interpretation' -> 'born-interpretation' in hydrostatic-equilibrium
Linked 'Jeans Instability' -> 'jeans-instability' in hydrostatic-equilibrium
Linked 'Stationary Action Principle' -> 'stationary-action-principle' in hydrostatic-equilibrium
Linked 'Black Holes' -> 'black-holes' in hydrostatic-equilibrium
Linked 'Correspondence Principle' -> 'correspondence-principle' in hydrostatic-equilibrium
Repaired and updated links in app/config/content/astrophysics.json
LOADED: 5632 pre-rendered SVGs from persistent cache.
LOADED: Build manifest with 1551 hashes.
Pre-rendering 2 associated formulas...
Phase 1: Batch rendering SVGs for 1519 subtopics...
SUCCESS: Search index updated with 1519 entries.
SAVED: 5636 SVGs to persistent cache.
SUCCESS: Fully sharded save complete in app/config/content
Committing to Git: Great Expansion: Content Update 2026-05-17 10:10...
✓ Git commit successful.
Injecting hydrostatic-equilibrium into MariaDB...
LOADED: 5636 pre-rendered SVGs from persistent cache.
LOADED: Build manifest with 1551 hashes.

[1m=== INTEGRITY SHIELD (SHARDED) ===[0m
Directory: app/config/content
Status: 14 shards, 1519 topics.
Stats:  11243 links, 4648 formula refs.
[93mNOTE: 'jsonschema' library not found. Skipping structural validation.[0m

[93mWARNINGS (1014):[0m
  - Non-Technical: [energy-momentum-relation] density too low (Score: 5).
  - Low Depth: [reynolds-transport-theorem-physics] word count too low (446).
  - Low Depth: [relativistic-4-force-dynamics] word count too low (485).
  - Low Depth: [weak-form-newton] word count too low (487).
  - Low Depth: [retardation-effect] word count too low (432).
  ... and 1009 more.

[92m✓ SHIELD SECURE: All shards are valid and linked.[0m
Successfully committed hydrostatic-equilibrium. Next target: ideal-gas-law

[2026-05-17 10:10:11] Removed trigger: hydrostatic-equilibrium.json
[2026-05-17 10:20:33] Detected trigger: ideal-gas-law.json
[2026-05-17 10:20:33] Executing commit for: ideal-gas-law
[2026-05-17 10:20:39] SUCCESS: ideal-gas-law committed.
[2026-05-17 10:20:39] ✓ MariaDB Injection Successful: [ideal-gas-law]
LOADED: 5636 pre-rendered SVGs from persistent cache.
LOADED: Build manifest with 1551 hashes.
REGISTERED: ideal-gas-law-astrophysical-form-84d964fe
REGISTERED: mean-molecular-weight-ionized-78a23e99
REGISTERED: monatomic-adiabatic-index-gamma-8a34e40a
Saved updated formula registry to disk.
Linked 'Metric Tensor' -> 'metric-tensor' in hydrostatic-equilibrium
Linked 'Hydrostatic Equilibrium' -> 'hydrostatic-equilibrium' in ideal-gas-law
Linked 'Scientific Realism' -> 'scientific-realism' in ideal-gas-law
Linked 'Total Dynamics' -> 'total-dynamics' in ideal-gas-law
Linked 'Nucleosynthesis' -> 'nucleosynthesis' in ideal-gas-law
Linked 'Block Universe' -> 'block-universe' in ideal-gas-law
Linked 'Jeans Instability' -> 'jeans-instability' in ideal-gas-law
Linked 'Dynamical Collapse' -> 'dynamical-collapse' in ideal-gas-law
Linked 'Total Mechanical Energy' -> 'total-mechanical-energy' in ideal-gas-law
Linked 'Virial Theorem' -> 'virial-theorem' in ideal-gas-law
Linked 'Analytical Mechanics' -> 'analytical-mechanics' in ideal-gas-law
Linked 'Nuclear Binding Energy' -> 'nuclear-binding-energy' in ideal-gas-law
Linked 'Velocity of Light' -> 'velocity-of-light' in ideal-gas-law
Linked 'Degeneracy Pressure' -> 'degeneracy-pressure' in ideal-gas-law
Linked 'Pauli Exclusion Principle' -> 'pauli-exclusion-principle' in ideal-gas-law
Linked 'Born Interpretation' -> 'born-interpretation' in ideal-gas-law
Linked 'Angular Frequency' -> 'angular-frequency' in ideal-gas-law
Linked 'Black Holes' -> 'black-holes' in ideal-gas-law
Linked 'Correspondence Principle' -> 'correspondence-principle' in ideal-gas-law
Repaired and updated links in app/config/content/astrophysics.json
LOADED: 5636 pre-rendered SVGs from persistent cache.
LOADED: Build manifest with 1551 hashes.
Pre-rendering 3 associated formulas...
Phase 1: Batch rendering SVGs for 1519 subtopics...
SUCCESS: Search index updated with 1519 entries.
SAVED: 5641 SVGs to persistent cache.
SUCCESS: Fully sharded save complete in app/config/content
Committing to Git: Great Expansion: Content Update 2026-05-17 10:20...
✓ Git commit successful.
Injecting ideal-gas-law into MariaDB...
LOADED: 5641 pre-rendered SVGs from persistent cache.
LOADED: Build manifest with 1551 hashes.

[1m=== INTEGRITY SHIELD (SHARDED) ===[0m
Directory: app/config/content
Status: 14 shards, 1519 topics.
Stats:  11262 links, 4647 formula refs.
[93mNOTE: 'jsonschema' library not found. Skipping structural validation.[0m

[93mWARNINGS (1015):[0m
  - Non-Technical: [energy-momentum-relation] density too low (Score: 5).
  - Low Depth: [reynolds-transport-theorem-physics] word count too low (446).
  - Low Depth: [relativistic-4-force-dynamics] word count too low (485).
  - Low Depth: [weak-form-newton] word count too low (487).
  - Low Depth: [retardation-effect] word count too low (432).
  ... and 1010 more.

[92m✓ SHIELD SECURE: All shards are valid and linked.[0m
Successfully committed ideal-gas-law. Next target: nuclear-binding-energy

[2026-05-17 10:20:39] Removed trigger: ideal-gas-law.json
[2026-05-17 10:27:46] Detected trigger: nuclear-binding-energy.json
[2026-05-17 10:27:46] Executing commit for: nuclear-binding-energy
[2026-05-17 10:27:53] SUCCESS: nuclear-binding-energy committed.
[2026-05-17 10:27:53] ✓ MariaDB Injection Successful: [nuclear-binding-energy]
LOADED: 5641 pre-rendered SVGs from persistent cache.
LOADED: Build manifest with 1551 hashes.
REGISTERED: nuclear-binding-energy-definition-9515853c
REGISTERED: liquid-drop-model-binding-energy-1fa2abb2
REGISTERED: mass-energy-stellar-output-001a6f88
Saved updated formula registry to disk.
Linked 'Strong Interaction' -> 'strong-interaction' in nuclear-binding-energy
Linked 'Hydrostatic Equilibrium' -> 'hydrostatic-equilibrium' in nuclear-binding-energy
Linked 'Scientific Realism' -> 'scientific-realism' in nuclear-binding-energy
Linked 'Block Universe' -> 'block-universe' in nuclear-binding-energy
Linked 'Coulomb Force' -> 'coulomb-force' in nuclear-binding-energy
Linked 'Total Dynamics' -> 'total-dynamics' in nuclear-binding-energy
Linked 'Manifest Covariance' -> 'manifest-covariance' in nuclear-binding-energy
Linked 'Total Mechanical Energy' -> 'total-mechanical-energy' in nuclear-binding-energy
Linked 'Metric Tensor' -> 'metric-tensor' in nuclear-binding-energy
Linked 'Least Action Principle' -> 'least-action-principle' in nuclear-binding-energy
Linked 'Neutron Stars' -> 'neutron-stars' in nuclear-binding-energy
Linked 'Black Holes' -> 'black-holes' in nuclear-binding-energy
Linked 'Degeneracy Pressure' -> 'degeneracy-pressure' in nuclear-binding-energy
Linked 'Pauli Exclusion Principle' -> 'pauli-exclusion-principle' in nuclear-binding-energy
Linked 'General Relativity' -> 'general-relativity' in nuclear-binding-energy
Linked 'Unitarity' -> 'unitarity' in nuclear-binding-energy
Linked 'Correspondence Principle' -> 'correspondence-principle' in nuclear-binding-energy
Linked 'Total Mechanical Energy' -> 'total-mechanical-energy' in ideal-gas-law
Repaired and updated links in app/config/content/astrophysics.json
LOADED: 5641 pre-rendered SVGs from persistent cache.
LOADED: Build manifest with 1551 hashes.
Pre-rendering 3 associated formulas...
Phase 1: Batch rendering SVGs for 1519 subtopics...
SUCCESS: Search index updated with 1519 entries.
SAVED: 5648 SVGs to persistent cache.
SUCCESS: Fully sharded save complete in app/config/content
Committing to Git: Great Expansion: Content Update 2026-05-17 10:27...
✓ Git commit successful.
Injecting nuclear-binding-energy into MariaDB...
LOADED: 5648 pre-rendered SVGs from persistent cache.
LOADED: Build manifest with 1551 hashes.

[1m=== INTEGRITY SHIELD (SHARDED) ===[0m
Directory: app/config/content
Status: 14 shards, 1519 topics.
Stats:  11280 links, 4646 formula refs.
[93mNOTE: 'jsonschema' library not found. Skipping structural validation.[0m

[93mWARNINGS (1016):[0m
  - Non-Technical: [energy-momentum-relation] density too low (Score: 5).
  - Low Depth: [reynolds-transport-theorem-physics] word count too low (446).
  - Low Depth: [relativistic-4-force-dynamics] word count too low (485).
  - Low Depth: [weak-form-newton] word count too low (487).
  - Low Depth: [retardation-effect] word count too low (432).
  ... and 1011 more.

[92m✓ SHIELD SECURE: All shards are valid and linked.[0m
Successfully committed nuclear-binding-energy. Next target: energy-transport

[2026-05-17 10:27:53] Removed trigger: nuclear-binding-energy.json
[2026-05-17 10:30:24] Detected trigger: energy-transport.json
[2026-05-17 10:30:24] Executing commit for: energy-transport
[2026-05-17 10:30:30] SUCCESS: energy-transport committed.
[2026-05-17 10:30:30] ✓ MariaDB Injection Successful: [energy-transport]
LOADED: 5648 pre-rendered SVGs from persistent cache.
LOADED: Build manifest with 1551 hashes.
REGISTERED: radiative-temperature-gradient-law-48873c5d
REGISTERED: adiabatic-temperature-gradient-rule-e6aaab5c
REGISTERED: schwarzschild-stability-criterion-ident-3d9da823
Saved updated formula registry to disk.
Linked 'Strong Interaction' -> 'strong-interaction' in nuclear-binding-energy
Linked 'Total Dynamics' -> 'total-dynamics' in nuclear-binding-energy
Linked 'Correspondence Principle' -> 'correspondence-principle' in nuclear-binding-energy
Linked 'Radiative Transfer' -> 'radiative-transfer' in energy-transport
Linked 'Scientific Realism' -> 'scientific-realism' in energy-transport
Linked 'Metric Tensor' -> 'metric-tensor' in energy-transport
Linked 'Block Universe' -> 'block-universe' in energy-transport
Linked 'Hydrostatic Equilibrium' -> 'hydrostatic-equilibrium' in energy-transport
Linked 'Total Dynamics' -> 'total-dynamics' in energy-transport
Linked 'Least Action Principle' -> 'least-action-principle' in energy-transport
Linked 'Analytical Mechanics' -> 'analytical-mechanics' in energy-transport
Linked 'Total Mechanical Energy' -> 'total-mechanical-energy' in energy-transport
Linked 'Virial Theorem' -> 'virial-theorem' in energy-transport
Linked 'Nucleosynthesis' -> 'nucleosynthesis' in energy-transport
Linked 'Correspondence Principle' -> 'correspondence-principle' in energy-transport
Repaired and updated links in app/config/content/astrophysics.json
LOADED: 5648 pre-rendered SVGs from persistent cache.
LOADED: Build manifest with 1551 hashes.
Pre-rendering 3 associated formulas...
Phase 1: Batch rendering SVGs for 1519 subtopics...
SUCCESS: Search index updated with 1519 entries.
SAVED: 5656 SVGs to persistent cache.
SUCCESS: Fully sharded save complete in app/config/content
Committing to Git: Great Expansion: Content Update 2026-05-17 10:30...
✓ Git commit successful.
Injecting energy-transport into MariaDB...
LOADED: 5656 pre-rendered SVGs from persistent cache.
LOADED: Build manifest with 1551 hashes.

[1m=== INTEGRITY SHIELD (SHARDED) ===[0m
Directory: app/config/content
Status: 14 shards, 1519 topics.
Stats:  11293 links, 4645 formula refs.
[93mNOTE: 'jsonschema' library not found. Skipping structural validation.[0m

[93mWARNINGS (1017):[0m
  - Non-Technical: [energy-momentum-relation] density too low (Score: 5).
  - Low Depth: [reynolds-transport-theorem-physics] word count too low (446).
  - Low Depth: [relativistic-4-force-dynamics] word count too low (485).
  - Low Depth: [weak-form-newton] word count too low (487).
  - Low Depth: [retardation-effect] word count too low (432).
  ... and 1012 more.

[92m✓ SHIELD SECURE: All shards are valid and linked.[0m
Successfully committed energy-transport. Next target: radiative-transfer

[2026-05-17 10:30:30] Removed trigger: energy-transport.json
[2026-05-17 10:40:30] Detected trigger: radiative-transfer.json
[2026-05-17 10:40:30] Executing commit for: radiative-transfer
[2026-05-17 10:40:36] SUCCESS: radiative-transfer committed.
[2026-05-17 10:40:36] ✓ MariaDB Injection Successful: [radiative-transfer]
LOADED: 5656 pre-rendered SVGs from persistent cache.
LOADED: Build manifest with 1551 hashes.
REGISTERED: radiative-transfer-equation-differential-5a8e0f69
REGISTERED: optical-depth-differential-definition-efcdd77b
REGISTERED: source-function-lte-definition-3b57c56c
Saved updated formula registry to disk.
Linked 'Scientific Realism' -> 'scientific-realism' in radiative-transfer
Linked 'Metric Tensor' -> 'metric-tensor' in radiative-transfer
Linked 'Block Universe' -> 'block-universe' in radiative-transfer
Linked 'Total Dynamics' -> 'total-dynamics' in radiative-transfer
Linked 'Manifest Covariance' -> 'manifest-covariance' in radiative-transfer
Linked 'Born Interpretation' -> 'born-interpretation' in radiative-transfer
Linked 'Total Mechanical Energy' -> 'total-mechanical-energy' in radiative-transfer
Linked 'Black Holes' -> 'black-holes' in radiative-transfer
Linked 'Blackbody Radiation' -> 'blackbody-radiation' in radiative-transfer
Linked 'Correspondence Principle' -> 'correspondence-principle' in radiative-transfer
Linked 'Least Action Principle' -> 'least-action-principle' in radiative-transfer
Linked 'Angular Frequency' -> 'angular-frequency' in radiative-transfer
Repaired and updated links in app/config/content/astrophysics.json
LOADED: 5656 pre-rendered SVGs from persistent cache.
LOADED: Build manifest with 1551 hashes.
Pre-rendering 3 associated formulas...
Phase 1: Batch rendering SVGs for 1519 subtopics...
SUCCESS: Search index updated with 1519 entries.
SAVED: 5661 SVGs to persistent cache.
SUCCESS: Fully sharded save complete in app/config/content
Committing to Git: Great Expansion: Content Update 2026-05-17 10:40...
✓ Git commit successful.
Rebuilding hub cache for: astrophysics
Surgically building: astrophysics...
Injecting radiative-transfer into MariaDB...
LOADED: 5661 pre-rendered SVGs from persistent cache.
LOADED: Build manifest with 1551 hashes.

[1m=== INTEGRITY SHIELD (SHARDED) ===[0m
Directory: app/config/content
Status: 14 shards, 1519 topics.
Stats:  11304 links, 4644 formula refs.
[93mNOTE: 'jsonschema' library not found. Skipping structural validation.[0m

[93mWARNINGS (1018):[0m
  - Non-Technical: [energy-momentum-relation] density too low (Score: 5).
  - Low Depth: [reynolds-transport-theorem-physics] word count too low (446).
  - Low Depth: [relativistic-4-force-dynamics] word count too low (485).
  - Low Depth: [weak-form-newton] word count too low (487).
  - Low Depth: [retardation-effect] word count too low (432).
  ... and 1013 more.

[92m✓ SHIELD SECURE: All shards are valid and linked.[0m
Successfully committed radiative-transfer. Next target: solar-dynamo

[2026-05-17 10:40:36] Removed trigger: radiative-transfer.json
[2026-05-17 10:42:01] Detected trigger: solar-dynamo.json
[2026-05-17 10:42:01] Executing commit for: solar-dynamo
[2026-05-17 10:42:07] SUCCESS: solar-dynamo committed.
[2026-05-17 10:42:07] ✓ MariaDB Injection Successful: [solar-dynamo]
LOADED: 5661 pre-rendered SVGs from persistent cache.
LOADED: Build manifest with 1551 hashes.
REGISTERED: magnetic-induction-equation-mhd-5403b733
REGISTERED: omega-effect-differential-rotation-0c3b6b83
REGISTERED: alpha-effect-helical-turbulence-878f3bb1
Saved updated formula registry to disk.
Linked 'Maxwell's Equations' -> 'maxwells-equations' in solar-dynamo
Linked 'Scientific Realism' -> 'scientific-realism' in solar-dynamo
Linked 'Block Universe' -> 'block-universe' in solar-dynamo
Linked 'Total Dynamics' -> 'total-dynamics' in solar-dynamo
Linked 'Least Action Principle' -> 'least-action-principle' in solar-dynamo
Linked 'Analytical Mechanics' -> 'analytical-mechanics' in solar-dynamo
Linked 'Total Mechanical Energy' -> 'total-mechanical-energy' in solar-dynamo
Linked 'Manifest Covariance' -> 'manifest-covariance' in solar-dynamo
Linked 'Hydrostatic Equilibrium' -> 'hydrostatic-equilibrium' in solar-dynamo
Linked 'Metric Tensor' -> 'metric-tensor' in solar-dynamo
Linked 'Angular Frequency' -> 'angular-frequency' in solar-dynamo
Linked 'Stellar Jets' -> 'stellar-jets' in solar-dynamo
Linked 'Born Interpretation' -> 'born-interpretation' in solar-dynamo
Linked 'Correspondence Principle' -> 'correspondence-principle' in solar-dynamo
Repaired and updated links in app/config/content/astrophysics.json
LOADED: 5661 pre-rendered SVGs from persistent cache.
LOADED: Build manifest with 1551 hashes.
Pre-rendering 3 associated formulas...
Phase 1: Batch rendering SVGs for 1519 subtopics...
SUCCESS: Search index updated with 1519 entries.
SAVED: 5669 SVGs to persistent cache.
SUCCESS: Fully sharded save complete in app/config/content
Committing to Git: Great Expansion: Content Update 2026-05-17 10:42...
✓ Git commit successful.
Injecting solar-dynamo into MariaDB...
LOADED: 5669 pre-rendered SVGs from persistent cache.
LOADED: Build manifest with 1551 hashes.

[1m=== INTEGRITY SHIELD (SHARDED) ===[0m
Directory: app/config/content
Status: 14 shards, 1519 topics.
Stats:  11318 links, 4643 formula refs.
[93mNOTE: 'jsonschema' library not found. Skipping structural validation.[0m

[93mWARNINGS (1019):[0m
  - Non-Technical: [energy-momentum-relation] density too low (Score: 5).
  - Low Depth: [reynolds-transport-theorem-physics] word count too low (446).
  - Low Depth: [relativistic-4-force-dynamics] word count too low (485).
  - Low Depth: [weak-form-newton] word count too low (487).
  - Low Depth: [retardation-effect] word count too low (432).
  ... and 1014 more.

[92m✓ SHIELD SECURE: All shards are valid and linked.[0m
Successfully committed solar-dynamo. Next target: Pillar Complete

[2026-05-17 10:42:07] Removed trigger: solar-dynamo.json
[2026-05-17 10:44:58] Detected trigger: astrophysical-fluids.json
[2026-05-17 10:44:58] Executing commit for: astrophysical-fluids
[2026-05-17 10:45:05] SUCCESS: astrophysical-fluids committed.
[2026-05-17 10:45:05] ✓ MariaDB Injection Successful: [astrophysical-fluids]
LOADED: 5669 pre-rendered SVGs from persistent cache.
LOADED: Build manifest with 1551 hashes.
REGISTERED: fluid-continuity-equation-astrophysical-07fd9f29
REGISTERED: astrophysical-momentum-euler-mhd-a1a889fe
REGISTERED: polytropic-eos-fluid-relation-8cd6b0e6
Saved updated formula registry to disk.
Linked 'General Relativity' -> 'general-relativity' in astrophysical-fluids
Linked 'Scientific Realism' -> 'scientific-realism' in astrophysical-fluids
Linked 'Metric Tensor' -> 'metric-tensor' in astrophysical-fluids
Linked 'Euler Equations' -> 'euler-equations' in astrophysical-fluids
Linked 'Lorentz Force' -> 'lorentz-force' in astrophysical-fluids
Linked 'Total Dynamics' -> 'total-dynamics' in astrophysical-fluids
Linked 'Manifest Covariance' -> 'manifest-covariance' in astrophysical-fluids
Linked 'Block Universe' -> 'block-universe' in astrophysical-fluids
Linked 'Total Mechanical Energy' -> 'total-mechanical-energy' in astrophysical-fluids
Linked 'Virial Theorem' -> 'virial-theorem' in astrophysical-fluids
Linked 'Dynamical Collapse' -> 'dynamical-collapse' in astrophysical-fluids
Linked 'Stationary Action Principle' -> 'stationary-action-principle' in astrophysical-fluids
Linked 'Angular Frequency' -> 'angular-frequency' in astrophysical-fluids
Linked 'Black Holes' -> 'black-holes' in astrophysical-fluids
Linked 'Stellar Jets' -> 'stellar-jets' in astrophysical-fluids
Linked 'Born Interpretation' -> 'born-interpretation' in astrophysical-fluids
Linked 'Correspondence Principle' -> 'correspondence-principle' in astrophysical-fluids
Repaired and updated links in app/config/content/astrophysics.json
LOADED: 5669 pre-rendered SVGs from persistent cache.
LOADED: Build manifest with 1551 hashes.
Pre-rendering 3 associated formulas...
Phase 1: Batch rendering SVGs for 1519 subtopics...
SUCCESS: Search index updated with 1519 entries.
SAVED: 5674 SVGs to persistent cache.
SUCCESS: Fully sharded save complete in app/config/content
Committing to Git: Great Expansion: Content Update 2026-05-17 10:45...
✓ Git commit successful.
Injecting astrophysical-fluids into MariaDB...
LOADED: 5674 pre-rendered SVGs from persistent cache.
LOADED: Build manifest with 1551 hashes.

[1m=== INTEGRITY SHIELD (SHARDED) ===[0m
Directory: app/config/content
Status: 14 shards, 1519 topics.
Stats:  11334 links, 4642 formula refs.
[93mNOTE: 'jsonschema' library not found. Skipping structural validation.[0m

[93mWARNINGS (1020):[0m
  - Non-Technical: [energy-momentum-relation] density too low (Score: 5).
  - Low Depth: [reynolds-transport-theorem-physics] word count too low (446).
  - Low Depth: [relativistic-4-force-dynamics] word count too low (485).
  - Low Depth: [weak-form-newton] word count too low (487).
  - Low Depth: [retardation-effect] word count too low (432).
  ... and 1015 more.

[92m✓ SHIELD SECURE: All shards are valid and linked.[0m
Successfully committed astrophysical-fluids. Next target: euler-equations

[2026-05-17 10:45:05] Removed trigger: astrophysical-fluids.json
[2026-05-17 10:46:39] Detected trigger: euler-equations.json
[2026-05-17 10:46:39] Executing commit for: euler-equations
[2026-05-17 10:46:45] SUCCESS: euler-equations committed.
[2026-05-17 10:46:45] ✓ MariaDB Injection Successful: [euler-equations]
LOADED: 5674 pre-rendered SVGs from persistent cache.
LOADED: Build manifest with 1551 hashes.
REGISTERED: astrophysical-euler-momentum-ident-4051a8b9
REGISTERED: bernoulli-constant-astrophysical-flow-7dc85e1b
Saved updated formula registry to disk.
Linked 'Metric Tensor' -> 'metric-tensor' in astrophysical-fluids
Linked 'Navier-Stokes Equations' -> 'navier-stokes-equations' in euler-equations
Linked 'Analytical Mechanics' -> 'analytical-mechanics' in euler-equations
Linked 'Hydrostatic Equilibrium' -> 'hydrostatic-equilibrium' in euler-equations
Linked 'Scientific Realism' -> 'scientific-realism' in euler-equations
Linked 'Block Universe' -> 'block-universe' in euler-equations
Linked 'Total Mechanical Energy' -> 'total-mechanical-energy' in euler-equations
Linked 'Total Dynamics' -> 'total-dynamics' in euler-equations
Linked 'Manifest Covariance' -> 'manifest-covariance' in euler-equations
Linked 'Stellar Jets' -> 'stellar-jets' in euler-equations
Linked 'Vorticity' -> 'vorticity' in euler-equations
Linked 'Metric Tensor' -> 'metric-tensor' in euler-equations
Linked 'Least Action Principle' -> 'least-action-principle' in euler-equations
Linked 'Black Holes' -> 'black-holes' in euler-equations
Linked 'Born Interpretation' -> 'born-interpretation' in euler-equations
Linked 'Correspondence Principle' -> 'correspondence-principle' in euler-equations
Repaired and updated links in app/config/content/astrophysics.json
LOADED: 5674 pre-rendered SVGs from persistent cache.
LOADED: Build manifest with 1551 hashes.
Pre-rendering 2 associated formulas...
Phase 1: Batch rendering SVGs for 1519 subtopics...
SUCCESS: Search index updated with 1519 entries.
SAVED: 5679 SVGs to persistent cache.
SUCCESS: Fully sharded save complete in app/config/content
Committing to Git: Great Expansion: Content Update 2026-05-17 10:46...
✓ Git commit successful.
Injecting euler-equations into MariaDB...
LOADED: 5679 pre-rendered SVGs from persistent cache.
LOADED: Build manifest with 1551 hashes.

[1m=== INTEGRITY SHIELD (SHARDED) ===[0m
Directory: app/config/content
Status: 14 shards, 1519 topics.
Stats:  11341 links, 4642 formula refs.
[93mNOTE: 'jsonschema' library not found. Skipping structural validation.[0m

[93mWARNINGS (1019):[0m
  - Non-Technical: [energy-momentum-relation] density too low (Score: 5).
  - Low Depth: [reynolds-transport-theorem-physics] word count too low (446).
  - Low Depth: [relativistic-4-force-dynamics] word count too low (485).
  - Low Depth: [weak-form-newton] word count too low (487).
  - Low Depth: [retardation-effect] word count too low (432).
  ... and 1014 more.

[92m✓ SHIELD SECURE: All shards are valid and linked.[0m
Successfully committed euler-equations. Next target: shock-wave

[2026-05-17 10:46:45] Removed trigger: euler-equations.json
[2026-05-17 10:49:33] Detected trigger: shock-wave.json
[2026-05-17 10:49:33] Executing commit for: shock-wave
[2026-05-17 10:49:40] SUCCESS: shock-wave committed.
[2026-05-17 10:49:40] ✓ MariaDB Injection Successful: [shock-wave]
LOADED: 5679 pre-rendered SVGs from persistent cache.
LOADED: Build manifest with 1551 hashes.
REGISTERED: rankine-hugoniot-density-jump-relation-decf28fc
REGISTERED: shock-temperature-jump-condition-97571dc5
Saved updated formula registry to disk.
Linked 'Metric Tensor' -> 'metric-tensor' in astrophysical-fluids
Linked 'Hydrostatic Equilibrium' -> 'hydrostatic-equilibrium' in euler-equations
Linked 'Total Mechanical Energy' -> 'total-mechanical-energy' in euler-equations
Linked 'Least Action Principle' -> 'least-action-principle' in euler-equations
Linked 'Euler Equations' -> 'euler-equations' in shock-wave
Linked 'Stellar Jets' -> 'stellar-jets' in shock-wave
Linked 'Scientific Realism' -> 'scientific-realism' in shock-wave
Linked 'Block Universe' -> 'block-universe' in shock-wave
Linked 'Total Dynamics' -> 'total-dynamics' in shock-wave
Linked 'Manifest Covariance' -> 'manifest-covariance' in shock-wave
Linked 'Total Mechanical Energy' -> 'total-mechanical-energy' in shock-wave
Linked 'Arrow of Time' -> 'arrow-of-time' in shock-wave
Linked 'Analytical Mechanics' -> 'analytical-mechanics' in shock-wave
Linked 'Lorentz Force' -> 'lorentz-force' in shock-wave
Linked 'Metric Tensor' -> 'metric-tensor' in shock-wave
Linked 'Correspondence Principle' -> 'correspondence-principle' in shock-wave
Linked 'Least Action Principle' -> 'least-action-principle' in shock-wave
Repaired and updated links in app/config/content/astrophysics.json
LOADED: 5679 pre-rendered SVGs from persistent cache.
LOADED: Build manifest with 1551 hashes.
Pre-rendering 2 associated formulas...
Phase 1: Batch rendering SVGs for 1519 subtopics...
SUCCESS: Search index updated with 1519 entries.
SAVED: 5687 SVGs to persistent cache.
SUCCESS: Fully sharded save complete in app/config/content
Committing to Git: Great Expansion: Content Update 2026-05-17 10:49...
✓ Git commit successful.
Injecting shock-wave into MariaDB...
LOADED: 5687 pre-rendered SVGs from persistent cache.
LOADED: Build manifest with 1551 hashes.

[1m=== INTEGRITY SHIELD (SHARDED) ===[0m
Directory: app/config/content
Status: 14 shards, 1519 topics.
Stats:  11358 links, 4640 formula refs.
[93mNOTE: 'jsonschema' library not found. Skipping structural validation.[0m

[93mWARNINGS (1019):[0m
  - Non-Technical: [energy-momentum-relation] density too low (Score: 5).
  - Low Depth: [reynolds-transport-theorem-physics] word count too low (446).
  - Low Depth: [relativistic-4-force-dynamics] word count too low (485).
  - Low Depth: [weak-form-newton] word count too low (487).
  - Low Depth: [retardation-effect] word count too low (432).
  ... and 1014 more.

[92m✓ SHIELD SECURE: All shards are valid and linked.[0m
Successfully committed shock-wave. Next target: lorentz-forces

[2026-05-17 10:49:40] Removed trigger: shock-wave.json
[2026-05-17 10:53:53] Detected trigger: lorentz-forces.json
[2026-05-17 10:53:53] Executing commit for: lorentz-forces
[2026-05-17 10:54:00] SUCCESS: lorentz-forces committed.
[2026-05-17 10:54:00] ✓ MariaDB Injection Successful: [lorentz-forces]
LOADED: 5687 pre-rendered SVGs from persistent cache.
LOADED: Build manifest with 1551 hashes.
REGISTERED: lorentz-force-density-mhd-b5f1fbe4
REGISTERED: magnetic-force-decomposition-ident-af22fa1d
Saved updated formula registry to disk.
Linked 'Lorentz Force' -> 'lorentz-force' in lorentz-forces
Linked 'Fermions' -> 'fermions' in lorentz-forces
Linked 'Scientific Realism' -> 'scientific-realism' in lorentz-forces
Linked 'Metric Tensor' -> 'metric-tensor' in lorentz-forces
Linked 'Block Universe' -> 'block-universe' in lorentz-forces
Linked 'Total Dynamics' -> 'total-dynamics' in lorentz-forces
Linked 'Manifest Covariance' -> 'manifest-covariance' in lorentz-forces
Linked 'Stellar Jets' -> 'stellar-jets' in lorentz-forces
Linked 'Born Interpretation' -> 'born-interpretation' in lorentz-forces
Linked 'Black Holes' -> 'black-holes' in lorentz-forces
Linked 'Least Action Principle' -> 'least-action-principle' in lorentz-forces
Linked 'Angular Frequency' -> 'angular-frequency' in lorentz-forces
Linked 'Euler Equations' -> 'euler-equations' in lorentz-forces
Linked 'Quantum Electrodynamics' -> 'quantum-electrodynamics' in lorentz-forces
Linked 'Correspondence Principle' -> 'correspondence-principle' in lorentz-forces
Linked 'Block Universe' -> 'block-universe' in shock-wave
Repaired and updated links in app/config/content/astrophysics.json
LOADED: 5687 pre-rendered SVGs from persistent cache.
LOADED: Build manifest with 1551 hashes.
Pre-rendering 2 associated formulas...
Phase 1: Batch rendering SVGs for 1519 subtopics...
SUCCESS: Search index updated with 1519 entries.
SAVED: 5691 SVGs to persistent cache.
SUCCESS: Fully sharded save complete in app/config/content
Committing to Git: Great Expansion: Content Update 2026-05-17 10:53...
✓ Git commit successful.
Injecting lorentz-forces into MariaDB...
LOADED: 5691 pre-rendered SVGs from persistent cache.
LOADED: Build manifest with 1551 hashes.

[1m=== INTEGRITY SHIELD (SHARDED) ===[0m
Directory: app/config/content
Status: 14 shards, 1519 topics.
Stats:  11373 links, 4638 formula refs.
[93mNOTE: 'jsonschema' library not found. Skipping structural validation.[0m

[93mWARNINGS (1020):[0m
  - Non-Technical: [energy-momentum-relation] density too low (Score: 5).
  - Low Depth: [reynolds-transport-theorem-physics] word count too low (446).
  - Low Depth: [relativistic-4-force-dynamics] word count too low (485).
  - Low Depth: [weak-form-newton] word count too low (487).
  - Low Depth: [retardation-effect] word count too low (432).
  ... and 1015 more.

[92m✓ SHIELD SECURE: All shards are valid and linked.[0m
Successfully committed lorentz-forces. Next target: mhd-theory

[2026-05-17 10:54:00] Removed trigger: lorentz-forces.json
[2026-05-17 10:56:21] Detected trigger: mhd-theory.json
[2026-05-17 10:56:21] Executing commit for: mhd-theory
[2026-05-17 10:56:28] SUCCESS: mhd-theory committed.
[2026-05-17 10:56:28] ✓ MariaDB Injection Successful: [mhd-theory]
LOADED: 5691 pre-rendered SVGs from persistent cache.
LOADED: Build manifest with 1551 hashes.
REGISTERED: magnetic-monopole-constraint-qcd-4e486725
REGISTERED: magnetic-reynolds-number-scaling-bf712476
REGISTERED: alfven-velocity-characteristic-scale-f963a9aa
Saved updated formula registry to disk.
Linked 'Lorentz Force' -> 'lorentz-force' in mhd-theory
Linked 'Maxwell's Equations' -> 'maxwells-equations' in mhd-theory
Linked 'Scientific Realism' -> 'scientific-realism' in mhd-theory
Linked 'Stationary Action Principle' -> 'stationary-action-principle' in mhd-theory
Linked 'Block Universe' -> 'block-universe' in mhd-theory
Linked 'Total Dynamics' -> 'total-dynamics' in mhd-theory
Linked 'Manifest Covariance' -> 'manifest-covariance' in mhd-theory
Linked 'Unitarity' -> 'unitarity' in mhd-theory
Linked 'Born Interpretation' -> 'born-interpretation' in mhd-theory
Linked 'Angular Frequency' -> 'angular-frequency' in mhd-theory
Linked 'Black Holes' -> 'black-holes' in mhd-theory
Linked 'Euler Equations' -> 'euler-equations' in mhd-theory
Linked 'Total Mechanical Energy' -> 'total-mechanical-energy' in mhd-theory
Linked 'Quantum Electrodynamics' -> 'quantum-electrodynamics' in mhd-theory
Linked 'Fermions' -> 'fermions' in mhd-theory
Linked 'Correspondence Principle' -> 'correspondence-principle' in mhd-theory
Linked 'Least Action Principle' -> 'least-action-principle' in mhd-theory
Linked 'Least Action Principle' -> 'least-action-principle' in lorentz-forces
Repaired and updated links in app/config/content/astrophysics.json
LOADED: 5691 pre-rendered SVGs from persistent cache.
LOADED: Build manifest with 1551 hashes.
Pre-rendering 3 associated formulas...
Phase 1: Batch rendering SVGs for 1519 subtopics...
SUCCESS: Search index updated with 1519 entries.
SAVED: 5698 SVGs to persistent cache.
SUCCESS: Fully sharded save complete in app/config/content
Committing to Git: Great Expansion: Content Update 2026-05-17 10:56...
✓ Git commit successful.
Injecting mhd-theory into MariaDB...
LOADED: 5698 pre-rendered SVGs from persistent cache.
LOADED: Build manifest with 1551 hashes.

[1m=== INTEGRITY SHIELD (SHARDED) ===[0m
Directory: app/config/content
Status: 14 shards, 1519 topics.
Stats:  11391 links, 4637 formula refs.
[93mNOTE: 'jsonschema' library not found. Skipping structural validation.[0m

[93mWARNINGS (1020):[0m
  - Non-Technical: [energy-momentum-relation] density too low (Score: 5).
  - Low Depth: [reynolds-transport-theorem-physics] word count too low (446).
  - Low Depth: [relativistic-4-force-dynamics] word count too low (485).
  - Low Depth: [weak-form-newton] word count too low (487).
  - Low Depth: [retardation-effect] word count too low (432).
  ... and 1015 more.

[92m✓ SHIELD SECURE: All shards are valid and linked.[0m
Successfully committed mhd-theory. Next target: stellar-jets

[2026-05-17 10:56:28] Removed trigger: mhd-theory.json
[2026-05-17 10:58:20] Detected trigger: stellar-jets.json
[2026-05-17 10:58:20] Executing commit for: stellar-jets
[2026-05-17 10:58:26] SUCCESS: stellar-jets committed.
[2026-05-17 10:58:26] ✓ MariaDB Injection Successful: [stellar-jets]
LOADED: 5698 pre-rendered SVGs from persistent cache.
LOADED: Build manifest with 1551 hashes.
REGISTERED: blandford-payne-launching-limit-931dfec9
REGISTERED: magnetic-hoop-stress-collimation-14488669
Saved updated formula registry to disk.
Linked 'Black Hole' -> 'black-hole' in stellar-jets
Linked 'Accretion Disk' -> 'accretion-disk' in stellar-jets
Linked 'General Relativity' -> 'general-relativity' in stellar-jets
Linked 'Scientific Realism' -> 'scientific-realism' in stellar-jets
Linked 'Hydrostatic Equilibrium' -> 'hydrostatic-equilibrium' in stellar-jets
Linked 'Total Dynamics' -> 'total-dynamics' in stellar-jets
Linked 'Total Mechanical Energy' -> 'total-mechanical-energy' in stellar-jets
Linked 'Lorentz Force' -> 'lorentz-force' in stellar-jets
Linked 'Block Universe' -> 'block-universe' in stellar-jets
Linked 'Metric Tensor' -> 'metric-tensor' in stellar-jets
Linked 'Born Interpretation' -> 'born-interpretation' in stellar-jets
Linked 'Angular Frequency' -> 'angular-frequency' in stellar-jets
Linked 'Least Action Principle' -> 'least-action-principle' in stellar-jets
Linked 'MHD Theory' -> 'mhd-theory' in stellar-jets
Linked 'Euler Equations' -> 'euler-equations' in stellar-jets
Linked 'Velocity of Light' -> 'velocity-of-light' in stellar-jets
Linked 'Lorentz Invariance' -> 'lorentz-invariance' in stellar-jets
Linked 'Correspondence Principle' -> 'correspondence-principle' in stellar-jets
Repaired and updated links in app/config/content/astrophysics.json
LOADED: 5698 pre-rendered SVGs from persistent cache.
LOADED: Build manifest with 1551 hashes.
Pre-rendering 2 associated formulas...
Phase 1: Batch rendering SVGs for 1519 subtopics...
SUCCESS: Search index updated with 1519 entries.
SAVED: 5702 SVGs to persistent cache.
SUCCESS: Fully sharded save complete in app/config/content
Committing to Git: Great Expansion: Content Update 2026-05-17 10:58...
✓ Git commit successful.
Injecting stellar-jets into MariaDB...
LOADED: 5702 pre-rendered SVGs from persistent cache.
LOADED: Build manifest with 1551 hashes.

[1m=== INTEGRITY SHIELD (SHARDED) ===[0m
Directory: app/config/content
Status: 14 shards, 1519 topics.
Stats:  11408 links, 4635 formula refs.
[93mNOTE: 'jsonschema' library not found. Skipping structural validation.[0m

[93mWARNINGS (1021):[0m
  - Non-Technical: [energy-momentum-relation] density too low (Score: 5).
  - Low Depth: [reynolds-transport-theorem-physics] word count too low (446).
  - Low Depth: [relativistic-4-force-dynamics] word count too low (485).
  - Low Depth: [weak-form-newton] word count too low (487).
  - Low Depth: [retardation-effect] word count too low (432).
  ... and 1016 more.

[92m✓ SHIELD SECURE: All shards are valid and linked.[0m
Successfully committed stellar-jets. Next target: Pillar Complete

[2026-05-17 10:58:26] Removed trigger: stellar-jets.json
[2026-05-17 11:02:34] Detected trigger: dynamical-collapse.json
[2026-05-17 11:02:34] Executing commit for: dynamical-collapse
[2026-05-17 11:02:41] SUCCESS: dynamical-collapse committed.
[2026-05-17 11:02:41] ✓ MariaDB Injection Successful: [dynamical-collapse]
LOADED: 5702 pre-rendered SVGs from persistent cache.
LOADED: Build manifest with 1551 hashes.
REGISTERED: free-fall-time-gravitational-limit-d19e0b02
REGISTERED: singular-isothermal-sphere-profile-a321aabb
Saved updated formula registry to disk.
Linked 'Compact Objects' -> 'compact-objects' in dynamical-collapse
Linked 'Jeans Instability' -> 'jeans-instability' in dynamical-collapse
Linked 'Analytical Mechanics' -> 'analytical-mechanics' in dynamical-collapse
Linked 'General Relativity' -> 'general-relativity' in dynamical-collapse
Linked 'Scientific Realism' -> 'scientific-realism' in dynamical-collapse
Linked 'Block Universe' -> 'block-universe' in dynamical-collapse
Linked 'Energy Transport' -> 'energy-transport' in dynamical-collapse
Linked 'Hydrostatic Equilibrium' -> 'hydrostatic-equilibrium' in dynamical-collapse
Linked 'Ideal Gas Law' -> 'ideal-gas-law' in dynamical-collapse
Linked 'Total Mechanical Energy' -> 'total-mechanical-energy' in dynamical-collapse
Linked 'Virial Theorem' -> 'virial-theorem' in dynamical-collapse
Linked 'Metric Tensor' -> 'metric-tensor' in dynamical-collapse
Linked 'Neutron Stars' -> 'neutron-stars' in dynamical-collapse
Linked 'Degeneracy Pressure' -> 'degeneracy-pressure' in dynamical-collapse
Linked 'Pauli Exclusion Principle' -> 'pauli-exclusion-principle' in dynamical-collapse
Linked 'Angular Frequency' -> 'angular-frequency' in dynamical-collapse
Linked 'TOV Equation' -> 'tov-equation' in dynamical-collapse
Linked 'Correspondence Principle' -> 'correspondence-principle' in dynamical-collapse
Linked 'Least Action Principle' -> 'least-action-principle' in dynamical-collapse
Linked 'Total Mechanical Energy' -> 'total-mechanical-energy' in stellar-jets
Linked 'Metric Tensor' -> 'metric-tensor' in stellar-jets
Linked 'Least Action Principle' -> 'least-action-principle' in stellar-jets
Repaired and updated links in app/config/content/astrophysics.json
LOADED: 5702 pre-rendered SVGs from persistent cache.
LOADED: Build manifest with 1551 hashes.
Pre-rendering 2 associated formulas...
Phase 1: Batch rendering SVGs for 1519 subtopics...
SUCCESS: Search index updated with 1519 entries.
SAVED: 5707 SVGs to persistent cache.
SUCCESS: Fully sharded save complete in app/config/content
Committing to Git: Great Expansion: Content Update 2026-05-17 11:02...
✓ Git commit successful.
Injecting dynamical-collapse into MariaDB...
LOADED: 5707 pre-rendered SVGs from persistent cache.
LOADED: Build manifest with 1551 hashes.

[1m=== INTEGRITY SHIELD (SHARDED) ===[0m
Directory: app/config/content
Status: 14 shards, 1519 topics.
Stats:  11430 links, 4633 formula refs.
[93mNOTE: 'jsonschema' library not found. Skipping structural validation.[0m

[93mWARNINGS (1022):[0m
  - Non-Technical: [energy-momentum-relation] density too low (Score: 5).
  - Low Depth: [reynolds-transport-theorem-physics] word count too low (446).
  - Low Depth: [relativistic-4-force-dynamics] word count too low (485).
  - Low Depth: [weak-form-newton] word count too low (487).
  - Low Depth: [retardation-effect] word count too low (432).
  ... and 1017 more.

[92m✓ SHIELD SECURE: All shards are valid and linked.[0m
Successfully committed dynamical-collapse. Next target: schwarzschild-criterion

[2026-05-17 11:02:41] Removed trigger: dynamical-collapse.json
[2026-05-17 11:05:27] Detected trigger: schwarzschild-criterion.json
[2026-05-17 11:05:27] Executing commit for: schwarzschild-criterion
[2026-05-17 11:05:33] SUCCESS: schwarzschild-criterion committed.
[2026-05-17 11:05:33] ✓ MariaDB Injection Successful: [schwarzschild-criterion]
LOADED: 5707 pre-rendered SVGs from persistent cache.
LOADED: Build manifest with 1551 hashes.
REGISTERED: schwarzschild-stability-differential-form-1819206e
REGISTERED: brunt-vaisala-frequency-squared-dd922d67
REGISTERED: ledoux-criterion-composition-gradient-f039dea9
Saved updated formula registry to disk.
Linked 'General Relativity' -> 'general-relativity' in dynamical-collapse
Linked 'Radiative Transfer' -> 'radiative-transfer' in schwarzschild-criterion
Linked 'Hydrostatic Equilibrium' -> 'hydrostatic-equilibrium' in schwarzschild-criterion
Linked 'Scientific Realism' -> 'scientific-realism' in schwarzschild-criterion
Linked 'Total Dynamics' -> 'total-dynamics' in schwarzschild-criterion
Linked 'Block Universe' -> 'block-universe' in schwarzschild-criterion
Linked 'Energy Transport' -> 'energy-transport' in schwarzschild-criterion
Linked 'Pauli Exclusion Principle' -> 'pauli-exclusion-principle' in schwarzschild-criterion
Linked 'Total Mechanical Energy' -> 'total-mechanical-energy' in schwarzschild-criterion
Linked 'Correspondence Principle' -> 'correspondence-principle' in schwarzschild-criterion
Linked 'Neutron Stars' -> 'neutron-stars' in schwarzschild-criterion
Linked 'Black Holes' -> 'black-holes' in schwarzschild-criterion
Linked 'General Relativity' -> 'general-relativity' in schwarzschild-criterion
Linked 'Metric Tensor' -> 'metric-tensor' in schwarzschild-criterion
Linked 'Stellar Jets' -> 'stellar-jets' in schwarzschild-criterion
Linked 'Born Interpretation' -> 'born-interpretation' in schwarzschild-criterion
Repaired and updated links in app/config/content/astrophysics.json
LOADED: 5707 pre-rendered SVGs from persistent cache.
LOADED: Build manifest with 1551 hashes.
Pre-rendering 3 associated formulas...
Phase 1: Batch rendering SVGs for 1519 subtopics...
SUCCESS: Search index updated with 1519 entries.
SAVED: 5714 SVGs to persistent cache.
SUCCESS: Fully sharded save complete in app/config/content
Committing to Git: Great Expansion: Content Update 2026-05-17 11:05...
✓ Git commit successful.
Injecting schwarzschild-criterion into MariaDB...
LOADED: 5714 pre-rendered SVGs from persistent cache.
LOADED: Build manifest with 1551 hashes.

[1m=== INTEGRITY SHIELD (SHARDED) ===[0m
Directory: app/config/content
Status: 14 shards, 1519 topics.
Stats:  11445 links, 4632 formula refs.
[93mNOTE: 'jsonschema' library not found. Skipping structural validation.[0m

[93mWARNINGS (1023):[0m
  - Non-Technical: [energy-momentum-relation] density too low (Score: 5).
  - Low Depth: [reynolds-transport-theorem-physics] word count too low (446).
  - Low Depth: [relativistic-4-force-dynamics] word count too low (485).
  - Low Depth: [weak-form-newton] word count too low (487).
  - Low Depth: [retardation-effect] word count too low (432).
  ... and 1018 more.

[92m✓ SHIELD SECURE: All shards are valid and linked.[0m
Successfully committed schwarzschild-criterion. Next target: bh-mechanics

[2026-05-17 11:05:33] Removed trigger: schwarzschild-criterion.json
[2026-05-17 11:07:10] Detected trigger: bh-mechanics.json
[2026-05-17 11:07:10] Executing commit for: bh-mechanics
[2026-05-17 11:07:16] SUCCESS: bh-mechanics committed.
[2026-05-17 11:07:16] ✓ MariaDB Injection Successful: [bh-mechanics]
LOADED: 5714 pre-rendered SVGs from persistent cache.
LOADED: Build manifest with 1551 hashes.
REGISTERED: bh-mechanics-first-law-balance-e8247ec4
REGISTERED: bekenstein-hawking-entropy-law-83d812d3
REGISTERED: hawking-temperature-surface-gravity-f5efc8ad
Saved updated formula registry to disk.
Linked 'Total Mechanical Energy' -> 'total-mechanical-energy' in schwarzschild-criterion
Linked 'Event Horizon' -> 'event-horizon' in bh-mechanics
Linked 'Block Universe' -> 'block-universe' in bh-mechanics
Linked 'General Relativity' -> 'general-relativity' in bh-mechanics
Linked 'Quantum Field Theory' -> 'quantum-field-theory' in bh-mechanics
Linked 'Metric Tensor' -> 'metric-tensor' in bh-mechanics
Linked 'Scientific Realism' -> 'scientific-realism' in bh-mechanics
Linked 'Total Dynamics' -> 'total-dynamics' in bh-mechanics
Linked 'Manifest Covariance' -> 'manifest-covariance' in bh-mechanics
Linked 'Holographic Principle' -> 'holographic-principle' in bh-mechanics
Linked 'Born Interpretation' -> 'born-interpretation' in bh-mechanics
Linked 'Hawking Radiation' -> 'hawking-radiation' in bh-mechanics
Linked 'Unitarity' -> 'unitarity' in bh-mechanics
Linked 'Correspondence Principle' -> 'correspondence-principle' in bh-mechanics
Linked 'Least Action Principle' -> 'least-action-principle' in bh-mechanics
Linked 'Angular Frequency' -> 'angular-frequency' in bh-mechanics
Repaired and updated links in app/config/content/astrophysics.json
LOADED: 5714 pre-rendered SVGs from persistent cache.
LOADED: Build manifest with 1551 hashes.
Pre-rendering 3 associated formulas...
Phase 1: Batch rendering SVGs for 1519 subtopics...
SUCCESS: Search index updated with 1519 entries.
SAVED: 5720 SVGs to persistent cache.
SUCCESS: Fully sharded save complete in app/config/content
Committing to Git: Great Expansion: Content Update 2026-05-17 11:07...
✓ Git commit successful.
Injecting bh-mechanics into MariaDB...
LOADED: 5720 pre-rendered SVGs from persistent cache.
LOADED: Build manifest with 1551 hashes.

[1m=== INTEGRITY SHIELD (SHARDED) ===[0m
Directory: app/config/content
Status: 14 shards, 1519 topics.
Stats:  11461 links, 4631 formula refs.
[93mNOTE: 'jsonschema' library not found. Skipping structural validation.[0m

[93mWARNINGS (1024):[0m
  - Non-Technical: [energy-momentum-relation] density too low (Score: 5).
  - Low Depth: [reynolds-transport-theorem-physics] word count too low (446).
  - Low Depth: [relativistic-4-force-dynamics] word count too low (485).
  - Low Depth: [weak-form-newton] word count too low (487).
  - Low Depth: [retardation-effect] word count too low (432).
  ... and 1019 more.

[92m✓ SHIELD SECURE: All shards are valid and linked.[0m
Successfully committed bh-mechanics. Next target: negative-energy-bh

[2026-05-17 11:07:16] Removed trigger: bh-mechanics.json
[2026-05-17 11:09:42] Detected trigger: negative-energy-bh.json
[2026-05-17 11:09:42] Executing commit for: negative-energy-bh
[2026-05-17 11:09:49] SUCCESS: negative-energy-bh committed.
[2026-05-17 11:09:49] ✓ MariaDB Injection Successful: [negative-energy-bh]
LOADED: 5720 pre-rendered SVGs from persistent cache.
LOADED: Build manifest with 1551 hashes.
REGISTERED: coordinate-energy-killing-field-d4da4689
REGISTERED: penrose-energy-extraction-limit-09fdaa3d
Saved updated formula registry to disk.
Linked 'Black Hole' -> 'black-hole' in negative-energy-bh
Linked 'Ergosphere' -> 'ergosphere' in negative-energy-bh
Linked 'Metric Tensor' -> 'metric-tensor' in negative-energy-bh
Linked 'Angular Frequency' -> 'angular-frequency' in negative-energy-bh
Linked 'Scientific Realism' -> 'scientific-realism' in negative-energy-bh
Linked 'Block Universe' -> 'block-universe' in negative-energy-bh
Linked 'Four-Momentum' -> 'four-momentum' in negative-energy-bh
Linked 'Event Horizon' -> 'event-horizon' in negative-energy-bh
Linked 'Total Dynamics' -> 'total-dynamics' in negative-energy-bh
Linked 'Kerr Metric' -> 'kerr-metric' in negative-energy-bh
Linked 'Penrose Process' -> 'penrose-process' in negative-energy-bh
Linked 'Stellar Jets' -> 'stellar-jets' in negative-energy-bh
Linked 'Total Mechanical Energy' -> 'total-mechanical-energy' in negative-energy-bh
Linked 'General Relativity' -> 'general-relativity' in negative-energy-bh
Linked 'Least Action Principle' -> 'least-action-principle' in negative-energy-bh
Linked 'Analytical Mechanics' -> 'analytical-mechanics' in negative-energy-bh
Linked 'Manifest Covariance' -> 'manifest-covariance' in negative-energy-bh
Linked 'Hawking Radiation' -> 'hawking-radiation' in negative-energy-bh
Linked 'Born Interpretation' -> 'born-interpretation' in negative-energy-bh
Linked 'Correspondence Principle' -> 'correspondence-principle' in negative-energy-bh
Linked 'General Relativity' -> 'general-relativity' in bh-mechanics
Repaired and updated links in app/config/content/astrophysics.json
LOADED: 5720 pre-rendered SVGs from persistent cache.
LOADED: Build manifest with 1551 hashes.
Pre-rendering 2 associated formulas...
Phase 1: Batch rendering SVGs for 1519 subtopics...
SUCCESS: Search index updated with 1519 entries.
SAVED: 5729 SVGs to persistent cache.
SUCCESS: Fully sharded save complete in app/config/content
Committing to Git: Great Expansion: Content Update 2026-05-17 11:09...
✓ Git commit successful.
Injecting negative-energy-bh into MariaDB...
LOADED: 5729 pre-rendered SVGs from persistent cache.
LOADED: Build manifest with 1551 hashes.

[1m=== INTEGRITY SHIELD (SHARDED) ===[0m
Directory: app/config/content
Status: 14 shards, 1519 topics.
Stats:  11482 links, 4629 formula refs.
[93mNOTE: 'jsonschema' library not found. Skipping structural validation.[0m

[93mWARNINGS (1025):[0m
  - Non-Technical: [energy-momentum-relation] density too low (Score: 5).
  - Low Depth: [reynolds-transport-theorem-physics] word count too low (446).
  - Low Depth: [relativistic-4-force-dynamics] word count too low (485).
  - Low Depth: [weak-form-newton] word count too low (487).
  - Low Depth: [retardation-effect] word count too low (432).
  ... and 1020 more.

[92m✓ SHIELD SECURE: All shards are valid and linked.[0m
Successfully committed negative-energy-bh. Next target: accretion-disk

[2026-05-17 11:09:49] Removed trigger: negative-energy-bh.json
[2026-05-17 11:12:50] Detected trigger: accretion-disk.json
[2026-05-17 11:12:50] Executing commit for: accretion-disk
[2026-05-17 11:12:57] SUCCESS: accretion-disk committed.
[2026-05-17 11:12:57] ✓ MariaDB Injection Successful: [accretion-disk]
LOADED: 5729 pre-rendered SVGs from persistent cache.
LOADED: Build manifest with 1551 hashes.
REGISTERED: keplerian-rotation-profile-disk-5e4ca4fc
REGISTERED: accretion-luminosity-efficiency-law-3ad2ec1b
REGISTERED: shakura-sunyaev-alpha-viscosity-2342c109
Saved updated formula registry to disk.
Linked 'Black Hole' -> 'black-hole' in accretion-disk
Linked 'Analytical Mechanics' -> 'analytical-mechanics' in accretion-disk
Linked 'General Relativity' -> 'general-relativity' in accretion-disk
Linked 'Scientific Realism' -> 'scientific-realism' in accretion-disk
Linked 'Nuclear Binding Energy' -> 'nuclear-binding-energy' in accretion-disk
Linked 'Block Universe' -> 'block-universe' in accretion-disk
Linked 'Total Dynamics' -> 'total-dynamics' in accretion-disk
Linked 'Manifest Covariance' -> 'manifest-covariance' in accretion-disk
Linked 'Lorentz Force' -> 'lorentz-force' in accretion-disk
Linked 'Born Interpretation' -> 'born-interpretation' in accretion-disk
Linked 'Ergosphere' -> 'ergosphere' in accretion-disk
Linked 'Stellar Jets' -> 'stellar-jets' in accretion-disk
Linked 'Angular Frequency' -> 'angular-frequency' in accretion-disk
Linked 'Total Mechanical Energy' -> 'total-mechanical-energy' in accretion-disk
Linked 'Correspondence Principle' -> 'correspondence-principle' in accretion-disk
Linked 'Least Action Principle' -> 'least-action-principle' in accretion-disk
Linked 'Total Dynamics' -> 'total-dynamics' in negative-energy-bh
Linked 'Metric Tensor' -> 'metric-tensor' in negative-energy-bh
Repaired and updated links in app/config/content/astrophysics.json
LOADED: 5729 pre-rendered SVGs from persistent cache.
LOADED: Build manifest with 1551 hashes.
Pre-rendering 3 associated formulas...
Phase 1: Batch rendering SVGs for 1519 subtopics...
SUCCESS: Search index updated with 1519 entries.
SAVED: 5735 SVGs to persistent cache.
SUCCESS: Fully sharded save complete in app/config/content
Committing to Git: Great Expansion: Content Update 2026-05-17 11:12...
✓ Git commit successful.
Injecting accretion-disk into MariaDB...
LOADED: 5735 pre-rendered SVGs from persistent cache.
LOADED: Build manifest with 1551 hashes.

[1m=== INTEGRITY SHIELD (SHARDED) ===[0m
Directory: app/config/content
Status: 14 shards, 1519 topics.
Stats:  11500 links, 4628 formula refs.
[93mNOTE: 'jsonschema' library not found. Skipping structural validation.[0m

[93mWARNINGS (1026):[0m
  - Non-Technical: [energy-momentum-relation] density too low (Score: 5).
  - Low Depth: [reynolds-transport-theorem-physics] word count too low (446).
  - Low Depth: [relativistic-4-force-dynamics] word count too low (485).
  - Low Depth: [weak-form-newton] word count too low (487).
  - Low Depth: [retardation-effect] word count too low (432).
  ... and 1021 more.

[92m✓ SHIELD SECURE: All shards are valid and linked.[0m
Successfully committed accretion-disk. Next target: static-gravity

[2026-05-17 11:12:57] Removed trigger: accretion-disk.json
[2026-05-17 11:18:58] Detected trigger: static-gravity.json
[2026-05-17 11:18:58] Executing commit for: static-gravity
[2026-05-17 11:19:04] SUCCESS: static-gravity committed.
[2026-05-17 11:19:04] ✓ MariaDB Injection Successful: [static-gravity]
LOADED: 5735 pre-rendered SVGs from persistent cache.
LOADED: Build manifest with 1551 hashes.
REGISTERED: static-metric-potential-relation-99de0c40
REGISTERED: tov-hydrostatic-equilibrium-gr-3e08c07d
REGISTERED: buchdahl-stability-limit-scale-08cbe1ac
Saved updated formula registry to disk.
Linked 'General Relativity' -> 'general-relativity' in accretion-disk
Linked 'Black Hole' -> 'black-hole' in accretion-disk
Linked 'Compact Objects' -> 'compact-objects' in static-gravity
Linked 'Metric Tensor' -> 'metric-tensor' in static-gravity
Linked 'Schwarzschild Metric' -> 'schwarzschild-metric' in static-gravity
Linked 'Kerr Metric' -> 'kerr-metric' in static-gravity
Linked 'General Relativity' -> 'general-relativity' in static-gravity
Linked 'Scientific Realism' -> 'scientific-realism' in static-gravity
Linked 'Analytical Mechanics' -> 'analytical-mechanics' in static-gravity
Linked 'Total Dynamics' -> 'total-dynamics' in static-gravity
Linked 'Manifest Covariance' -> 'manifest-covariance' in static-gravity
Linked 'Block Universe' -> 'block-universe' in static-gravity
Linked 'Hydrostatic Equilibrium' -> 'hydrostatic-equilibrium' in static-gravity
Linked 'Born Interpretation' -> 'born-interpretation' in static-gravity
Linked 'Total Mechanical Energy' -> 'total-mechanical-energy' in static-gravity
Linked 'Schwarzschild Radius' -> 'schwarzschild-radius' in static-gravity
Linked 'Dynamical Collapse' -> 'dynamical-collapse' in static-gravity
Linked 'Neutron Stars' -> 'neutron-stars' in static-gravity
Linked 'Degeneracy Pressure' -> 'degeneracy-pressure' in static-gravity
Linked 'Event Horizon' -> 'event-horizon' in static-gravity
Linked 'Least Action Principle' -> 'least-action-principle' in static-gravity
Linked 'Black Holes' -> 'black-holes' in static-gravity
Linked 'Special Relativity' -> 'special-relativity' in static-gravity
Linked 'Gravitational Waves' -> 'gravitational-waves' in static-gravity
Linked 'Correspondence Principle' -> 'correspondence-principle' in static-gravity
Linked 'Velocity of Light' -> 'velocity-of-light' in static-gravity
Linked 'Angular Frequency' -> 'angular-frequency' in static-gravity
Repaired and updated links in app/config/content/astrophysics.json
LOADED: 5735 pre-rendered SVGs from persistent cache.
LOADED: Build manifest with 1551 hashes.
Pre-rendering 3 associated formulas...
Phase 1: Batch rendering SVGs for 1519 subtopics...
SUCCESS: Search index updated with 1519 entries.
SAVED: 5741 SVGs to persistent cache.
SUCCESS: Fully sharded save complete in app/config/content
Committing to Git: Great Expansion: Content Update 2026-05-17 11:19...
✓ Git commit successful.
Injecting static-gravity into MariaDB...
LOADED: 5741 pre-rendered SVGs from persistent cache.
LOADED: Build manifest with 1551 hashes.

[1m=== INTEGRITY SHIELD (SHARDED) ===[0m
Directory: app/config/content
Status: 14 shards, 1519 topics.
Stats:  11522 links, 4627 formula refs.
[93mNOTE: 'jsonschema' library not found. Skipping structural validation.[0m

[93mWARNINGS (1027):[0m
  - Non-Technical: [energy-momentum-relation] density too low (Score: 5).
  - Low Depth: [reynolds-transport-theorem-physics] word count too low (446).
  - Low Depth: [relativistic-4-force-dynamics] word count too low (485).
  - Low Depth: [weak-form-newton] word count too low (487).
  - Low Depth: [retardation-effect] word count too low (432).
  ... and 1022 more.

[92m✓ SHIELD SECURE: All shards are valid and linked.[0m
Successfully committed static-gravity. Next target: Pillar Complete

[2026-05-17 11:19:04] Removed trigger: static-gravity.json
[2026-05-17 11:32:09] Detected trigger: leavitts-law.json
[2026-05-17 11:32:09] Executing commit for: leavitts-law
[2026-05-17 11:32:15] SUCCESS: leavitts-law committed.
[2026-05-17 11:32:15] ✓ MariaDB Injection Successful: [leavitts-law]
LOADED: 5741 pre-rendered SVGs from persistent cache.
LOADED: Build manifest with 1551 hashes.
REGISTERED: leavitts-law-period-luminosity-relation-8be83cd3
Saved updated formula registry to disk.
Linked 'General Relativity' -> 'general-relativity' in static-gravity
Linked 'Metric Tensor' -> 'metric-tensor' in static-gravity
Linked 'Schwarzschild Metric' -> 'schwarzschild-metric' in static-gravity
Linked 'Block Universe' -> 'block-universe' in leavitts-law
Linked 'Scientific Realism' -> 'scientific-realism' in leavitts-law
Linked 'Total Dynamics' -> 'total-dynamics' in leavitts-law
Linked 'Manifest Covariance' -> 'manifest-covariance' in leavitts-law
Linked 'Nuclear Binding Energy' -> 'nuclear-binding-energy' in leavitts-law
Linked 'Radiative Transfer' -> 'radiative-transfer' in leavitts-law
Linked 'Explosive Expansion' -> 'explosive-expansion' in leavitts-law
Linked 'Metric Tensor' -> 'metric-tensor' in leavitts-law
Linked 'General Relativity' -> 'general-relativity' in leavitts-law
Linked 'Correspondence Principle' -> 'correspondence-principle' in leavitts-law
Linked 'Angular Frequency' -> 'angular-frequency' in leavitts-law
Repaired and updated links in app/config/content/astrophysics.json
LOADED: 5741 pre-rendered SVGs from persistent cache.
LOADED: Build manifest with 1551 hashes.
Pre-rendering 1 associated formulas...
Phase 1: Batch rendering SVGs for 1519 subtopics...
SUCCESS: Search index updated with 1519 entries.
SAVED: 5743 SVGs to persistent cache.
SUCCESS: Fully sharded save complete in app/config/content
Committing to Git: Great Expansion: Content Update 2026-05-17 11:32...
✓ Git commit successful.
Injecting leavitts-law into MariaDB...
LOADED: 5743 pre-rendered SVGs from persistent cache.
LOADED: Build manifest with 1551 hashes.

[1m=== INTEGRITY SHIELD (SHARDED) ===[0m
Directory: app/config/content
Status: 14 shards, 1519 topics.
Stats:  11533 links, 4624 formula refs.
[93mNOTE: 'jsonschema' library not found. Skipping structural validation.[0m

[93mWARNINGS (1028):[0m
  - Non-Technical: [energy-momentum-relation] density too low (Score: 5).
  - Low Depth: [reynolds-transport-theorem-physics] word count too low (446).
  - Low Depth: [relativistic-4-force-dynamics] word count too low (485).
  - Low Depth: [weak-form-newton] word count too low (487).
  - Low Depth: [retardation-effect] word count too low (432).
  ... and 1023 more.

[92m✓ SHIELD SECURE: All shards are valid and linked.[0m
Successfully committed leavitts-law. Next target: explosive-expansion

[2026-05-17 11:32:15] Removed trigger: leavitts-law.json
[2026-05-17 11:33:11] Detected trigger: explosive-expansion.json
[2026-05-17 11:33:11] Executing commit for: explosive-expansion
[2026-05-17 11:33:17] SUCCESS: explosive-expansion committed.
[2026-05-17 11:33:17] ✓ MariaDB Injection Successful: [explosive-expansion]
LOADED: 5743 pre-rendered SVGs from persistent cache.
LOADED: Build manifest with 1551 hashes.
REGISTERED: friedmann-acceleration-equation-expansion-4aa65f2c
REGISTERED: hubble-lemaitre-expansion-law-02784e94
REGISTERED: sedov-taylor-blast-radius-scaling-ed7792bd
Saved updated formula registry to disk.
Linked 'Block Universe' -> 'block-universe' in explosive-expansion
Linked 'Least Action Principle' -> 'least-action-principle' in explosive-expansion
Linked 'General Relativity' -> 'general-relativity' in explosive-expansion
Linked 'Scientific Realism' -> 'scientific-realism' in explosive-expansion
Linked 'Metric Tensor' -> 'metric-tensor' in explosive-expansion
Linked 'Cosmological Constant' -> 'cosmological-constant' in explosive-expansion
Linked 'Total Dynamics' -> 'total-dynamics' in explosive-expansion
Linked 'Dark Energy Density' -> 'dark-energy-density' in explosive-expansion
Linked 'Total Mechanical Energy' -> 'total-mechanical-energy' in explosive-expansion
Linked 'Manifest Covariance' -> 'manifest-covariance' in explosive-expansion
Linked 'Born Interpretation' -> 'born-interpretation' in explosive-expansion
Linked 'Nuclear Binding Energy' -> 'nuclear-binding-energy' in explosive-expansion
Linked 'Shock Wave' -> 'shock-wave' in explosive-expansion
Linked 'Virial Theorem' -> 'virial-theorem' in explosive-expansion
Linked 'Horizon Problem' -> 'horizon-problem' in explosive-expansion
Linked 'Flatness Problem' -> 'flatness-problem' in explosive-expansion
Linked 'Black Holes' -> 'black-holes' in explosive-expansion
Linked 'Hubble flow' -> 'hubble-flow' in explosive-expansion
Linked 'Correspondence Principle' -> 'correspondence-principle' in explosive-expansion
Linked 'Angular Frequency' -> 'angular-frequency' in explosive-expansion
Linked 'Block Universe' -> 'block-universe' in leavitts-law
Repaired and updated links in app/config/content/astrophysics.json
LOADED: 5743 pre-rendered SVGs from persistent cache.
LOADED: Build manifest with 1551 hashes.
Pre-rendering 3 associated formulas...
Phase 1: Batch rendering SVGs for 1519 subtopics...
SUCCESS: Search index updated with 1519 entries.
SAVED: 5748 SVGs to persistent cache.
SUCCESS: Fully sharded save complete in app/config/content
Committing to Git: Great Expansion: Content Update 2026-05-17 11:33...
✓ Git commit successful.
Injecting explosive-expansion into MariaDB...
LOADED: 5748 pre-rendered SVGs from persistent cache.
LOADED: Build manifest with 1551 hashes.

[1m=== INTEGRITY SHIELD (SHARDED) ===[0m
Directory: app/config/content
Status: 14 shards, 1519 topics.
Stats:  11554 links, 4623 formula refs.
[93mNOTE: 'jsonschema' library not found. Skipping structural validation.[0m

[93mWARNINGS (1029):[0m
  - Non-Technical: [energy-momentum-relation] density too low (Score: 5).
  - Low Depth: [reynolds-transport-theorem-physics] word count too low (446).
  - Low Depth: [relativistic-4-force-dynamics] word count too low (485).
  - Low Depth: [weak-form-newton] word count too low (487).
  - Low Depth: [retardation-effect] word count too low (432).
  ... and 1024 more.

[92m✓ SHIELD SECURE: All shards are valid and linked.[0m
Successfully committed explosive-expansion. Next target: einstein-tensor

[2026-05-17 11:33:17] Removed trigger: explosive-expansion.json
[2026-05-17 11:35:30] Detected trigger: einstein-tensor.json
[2026-05-17 11:35:30] Executing commit for: einstein-tensor
[2026-05-17 11:35:36] SUCCESS: einstein-tensor committed.
[2026-05-17 11:35:36] ✓ MariaDB Injection Successful: [einstein-tensor]
LOADED: 5748 pre-rendered SVGs from persistent cache.
LOADED: Build manifest with 1551 hashes.
REGISTERED: einstein-tensor-definition-curvature-791aaf30
REGISTERED: einstein-field-equations-master-rule-3b064cf6
REGISTERED: einstein-tensor-bianchi-divergence-deb8f118
Saved updated formula registry to disk.
Linked 'Metric Tensor' -> 'metric-tensor' in explosive-expansion
Linked 'Least Action Principle' -> 'least-action-principle' in explosive-expansion
Linked 'Block Universe' -> 'block-universe' in einstein-tensor
Linked 'General Relativity' -> 'general-relativity' in einstein-tensor
Linked 'Scientific Realism' -> 'scientific-realism' in einstein-tensor
Linked 'Metric Tensor' -> 'metric-tensor' in einstein-tensor
Linked 'Ricci Tensor' -> 'ricci-tensor' in einstein-tensor
Linked 'Ricci Scalar' -> 'ricci-scalar' in einstein-tensor
Linked 'Covariant Divergence' -> 'covariant-divergence' in einstein-tensor
Linked 'Stress-Energy Tensor' -> 'stress-energy-tensor' in einstein-tensor
Linked 'Total Dynamics' -> 'total-dynamics' in einstein-tensor
Linked 'Manifest Covariance' -> 'manifest-covariance' in einstein-tensor
Linked 'Unitarity' -> 'unitarity' in einstein-tensor
Linked 'Cosmological Constant' -> 'cosmological-constant' in einstein-tensor
Linked 'Least Action Principle' -> 'least-action-principle' in einstein-tensor
Linked 'Total Mechanical Energy' -> 'total-mechanical-energy' in einstein-tensor
Linked 'Explosive Expansion' -> 'explosive-expansion' in einstein-tensor
Linked 'Angular Frequency' -> 'angular-frequency' in einstein-tensor
Linked 'Black Holes' -> 'black-holes' in einstein-tensor
Linked 'Born Interpretation' -> 'born-interpretation' in einstein-tensor
Linked 'Correspondence Principle' -> 'correspondence-principle' in einstein-tensor
Repaired and updated links in app/config/content/astrophysics.json
LOADED: 5748 pre-rendered SVGs from persistent cache.
LOADED: Build manifest with 1551 hashes.
Pre-rendering 3 associated formulas...
Phase 1: Batch rendering SVGs for 1519 subtopics...
SUCCESS: Search index updated with 1519 entries.
SAVED: 5753 SVGs to persistent cache.
SUCCESS: Fully sharded save complete in app/config/content
Committing to Git: Great Expansion: Content Update 2026-05-17 11:35...
✓ Git commit successful.
Injecting einstein-tensor into MariaDB...
LOADED: 5753 pre-rendered SVGs from persistent cache.
LOADED: Build manifest with 1551 hashes.

[1m=== INTEGRITY SHIELD (SHARDED) ===[0m
Directory: app/config/content
Status: 14 shards, 1519 topics.
Stats:  11569 links, 4622 formula refs.
[93mNOTE: 'jsonschema' library not found. Skipping structural validation.[0m

[93mWARNINGS (1030):[0m
  - Non-Technical: [energy-momentum-relation] density too low (Score: 5).
  - Low Depth: [reynolds-transport-theorem-physics] word count too low (446).
  - Low Depth: [relativistic-4-force-dynamics] word count too low (485).
  - Low Depth: [weak-form-newton] word count too low (487).
  - Low Depth: [retardation-effect] word count too low (432).
  ... and 1025 more.

[92m✓ SHIELD SECURE: All shards are valid and linked.[0m
Successfully committed einstein-tensor. Next target: covariant-divergence

[2026-05-17 11:35:36] Removed trigger: einstein-tensor.json
[2026-05-17 11:38:04] Detected trigger: covariant-divergence.json
[2026-05-17 11:38:04] Executing commit for: covariant-divergence
[2026-05-17 11:38:10] SUCCESS: covariant-divergence committed.
[2026-05-17 11:38:10] ✓ MariaDB Injection Successful: [covariant-divergence]
LOADED: 5753 pre-rendered SVGs from persistent cache.
LOADED: Build manifest with 1551 hashes.
REGISTERED: covariant-vector-divergence-def-cbeab23c
REGISTERED: stress-energy-conservation-divergence-26b63908
REGISTERED: metric-determinant-divergence-ident-c1c121c0
Saved updated formula registry to disk.
Linked 'Metric Tensor' -> 'metric-tensor' in explosive-expansion
Linked 'Stress-Energy Tensor' -> 'stress-energy-tensor' in einstein-tensor
Linked 'Metric Tensor' -> 'metric-tensor' in einstein-tensor
Linked 'Least Action Principle' -> 'least-action-principle' in einstein-tensor
Linked 'Block Universe' -> 'block-universe' in covariant-divergence
Linked 'General Relativity' -> 'general-relativity' in covariant-divergence
Linked 'Scientific Realism' -> 'scientific-realism' in covariant-divergence
Linked 'Metric Tensor' -> 'metric-tensor' in covariant-divergence
Linked 'Christoffel Symbols' -> 'christoffel-symbols' in covariant-divergence
Linked 'Total Dynamics' -> 'total-dynamics' in covariant-divergence
Linked 'Manifest Covariance' -> 'manifest-covariance' in covariant-divergence
Linked 'Stress-Energy Tensor' -> 'stress-energy-tensor' in covariant-divergence
Linked 'Einstein Tensor' -> 'einstein-tensor' in covariant-divergence
Linked 'Stationary Action Principle' -> 'stationary-action-principle' in covariant-divergence
Linked 'Explosive Expansion' -> 'explosive-expansion' in covariant-divergence
Linked 'Dark Energy Density' -> 'dark-energy-density' in covariant-divergence
Linked 'Angular Frequency' -> 'angular-frequency' in covariant-divergence
Linked 'Black Holes' -> 'black-holes' in covariant-divergence
Linked 'Born Interpretation' -> 'born-interpretation' in covariant-divergence
Linked 'Correspondence Principle' -> 'correspondence-principle' in covariant-divergence
Linked 'Least Action Principle' -> 'least-action-principle' in covariant-divergence
Repaired and updated links in app/config/content/astrophysics.json
LOADED: 5753 pre-rendered SVGs from persistent cache.
LOADED: Build manifest with 1551 hashes.
Pre-rendering 3 associated formulas...
Phase 1: Batch rendering SVGs for 1519 subtopics...
SUCCESS: Search index updated with 1519 entries.
SAVED: 5758 SVGs to persistent cache.
SUCCESS: Fully sharded save complete in app/config/content
Committing to Git: Great Expansion: Content Update 2026-05-17 11:38...
✓ Git commit successful.
Injecting covariant-divergence into MariaDB...
LOADED: 5758 pre-rendered SVGs from persistent cache.
LOADED: Build manifest with 1551 hashes.

[1m=== INTEGRITY SHIELD (SHARDED) ===[0m
Directory: app/config/content
Status: 14 shards, 1519 topics.
Stats:  11585 links, 4621 formula refs.
[93mNOTE: 'jsonschema' library not found. Skipping structural validation.[0m

[93mWARNINGS (1031):[0m
  - Non-Technical: [energy-momentum-relation] density too low (Score: 5).
  - Low Depth: [reynolds-transport-theorem-physics] word count too low (446).
  - Low Depth: [relativistic-4-force-dynamics] word count too low (485).
  - Low Depth: [weak-form-newton] word count too low (487).
  - Low Depth: [retardation-effect] word count too low (432).
  ... and 1026 more.

[92m✓ SHIELD SECURE: All shards are valid and linked.[0m
Successfully committed covariant-divergence. Next target: stress-energy-tensor

[2026-05-17 11:38:10] Removed trigger: covariant-divergence.json
[2026-05-17 11:40:15] Detected trigger: stress-energy-tensor.json
[2026-05-17 11:40:15] Executing commit for: stress-energy-tensor
[2026-05-17 11:40:21] SUCCESS: stress-energy-tensor committed.
[2026-05-17 11:40:21] ✓ MariaDB Injection Successful: [stress-energy-tensor]
LOADED: 5758 pre-rendered SVGs from persistent cache.
LOADED: Build manifest with 1551 hashes.
REGISTERED: perfect-fluid-stress-energy-tensor-da2f26e5
REGISTERED: stress-energy-trace-identity-e65c5bb5
Saved updated formula registry to disk.
Linked 'Total Dynamics' -> 'total-dynamics' in covariant-divergence
Linked 'Block Universe' -> 'block-universe' in covariant-divergence
Linked 'Metric Tensor' -> 'metric-tensor' in covariant-divergence
Linked 'Christoffel Symbols' -> 'christoffel-symbols' in covariant-divergence
Linked 'General Relativity' -> 'general-relativity' in stress-energy-tensor
Linked 'Block Universe' -> 'block-universe' in stress-energy-tensor
Linked 'Fermions' -> 'fermions' in stress-energy-tensor
Linked 'Metric Tensor' -> 'metric-tensor' in stress-energy-tensor
Linked 'Analytical Mechanics' -> 'analytical-mechanics' in stress-energy-tensor
Linked 'Scientific Realism' -> 'scientific-realism' in stress-energy-tensor
Linked 'Four-Velocity' -> 'four-velocity' in stress-energy-tensor
Linked 'Hydrostatic Equilibrium' -> 'hydrostatic-equilibrium' in stress-energy-tensor
Linked 'Covariant Divergence' -> 'covariant-divergence' in stress-energy-tensor
Linked 'Total Dynamics' -> 'total-dynamics' in stress-energy-tensor
Linked 'Manifest Covariance' -> 'manifest-covariance' in stress-energy-tensor
Linked 'Unitarity' -> 'unitarity' in stress-energy-tensor
Linked 'Neutron Stars' -> 'neutron-stars' in stress-energy-tensor
Linked 'Black Holes' -> 'black-holes' in stress-energy-tensor
Linked 'TOV Equation' -> 'tov-equation' in stress-energy-tensor
Linked 'Event Horizon' -> 'event-horizon' in stress-energy-tensor
Linked 'Total Mechanical Energy' -> 'total-mechanical-energy' in stress-energy-tensor
Linked 'Born Interpretation' -> 'born-interpretation' in stress-energy-tensor
Linked 'Explosive Expansion' -> 'explosive-expansion' in stress-energy-tensor
Linked 'Dark Energy Density' -> 'dark-energy-density' in stress-energy-tensor
Linked 'Angular Frequency' -> 'angular-frequency' in stress-energy-tensor
Linked 'Correspondence Principle' -> 'correspondence-principle' in stress-energy-tensor
Repaired and updated links in app/config/content/astrophysics.json
LOADED: 5758 pre-rendered SVGs from persistent cache.
LOADED: Build manifest with 1551 hashes.
Pre-rendering 2 associated formulas...
Phase 1: Batch rendering SVGs for 1519 subtopics...
SUCCESS: Search index updated with 1519 entries.
SAVED: 5763 SVGs to persistent cache.
SUCCESS: Fully sharded save complete in app/config/content
Committing to Git: Great Expansion: Content Update 2026-05-17 11:40...
✓ Git commit successful.
Injecting stress-energy-tensor into MariaDB...
LOADED: 5763 pre-rendered SVGs from persistent cache.
LOADED: Build manifest with 1551 hashes.

[1m=== INTEGRITY SHIELD (SHARDED) ===[0m
Directory: app/config/content
Status: 14 shards, 1519 topics.
Stats:  11606 links, 4619 formula refs.
[93mNOTE: 'jsonschema' library not found. Skipping structural validation.[0m

[93mWARNINGS (1032):[0m
  - Non-Technical: [energy-momentum-relation] density too low (Score: 5).
  - Low Depth: [reynolds-transport-theorem-physics] word count too low (446).
  - Low Depth: [relativistic-4-force-dynamics] word count too low (485).
  - Low Depth: [weak-form-newton] word count too low (487).
  - Low Depth: [retardation-effect] word count too low (432).
  ... and 1027 more.

[92m✓ SHIELD SECURE: All shards are valid and linked.[0m
Successfully committed stress-energy-tensor. Next target: dark-energy-density

[2026-05-17 11:40:21] Removed trigger: stress-energy-tensor.json
[2026-05-17 11:42:46] Detected trigger: dark-energy-density.json
[2026-05-17 11:42:46] Executing commit for: dark-energy-density
[2026-05-17 11:42:53] SUCCESS: dark-energy-density committed.
[2026-05-17 11:42:53] ✓ MariaDB Injection Successful: [dark-energy-density]
LOADED: 5763 pre-rendered SVGs from persistent cache.
LOADED: Build manifest with 1551 hashes.
REGISTERED: dimensionless-dark-energy-density-ident-0f4769d9
REGISTERED: critical-density-hubble-relation-0d42d40f
REGISTERED: cosmological-constant-equation-of-state-638f1ec7
Saved updated formula registry to disk.
Linked 'Block Universe' -> 'block-universe' in dark-energy-density
Linked 'Cosmological Constant' -> 'cosmological-constant' in dark-energy-density
Linked 'Metric Tensor' -> 'metric-tensor' in dark-energy-density
Linked 'Quantum Field Theory' -> 'quantum-field-theory' in dark-energy-density
Linked 'General Relativity' -> 'general-relativity' in dark-energy-density
Linked 'Scientific Realism' -> 'scientific-realism' in dark-energy-density
Linked 'Total Dynamics' -> 'total-dynamics' in dark-energy-density
Linked 'Stationary Action Principle' -> 'stationary-action-principle' in dark-energy-density
Linked 'Quintessence' -> 'quintessence' in dark-energy-density
Linked 'Fermions' -> 'fermions' in dark-energy-density
Linked 'Born Interpretation' -> 'born-interpretation' in dark-energy-density
Linked 'Quantum Gravity' -> 'quantum-gravity' in dark-energy-density
Linked 'Correspondence Principle' -> 'correspondence-principle' in dark-energy-density
Linked 'Metric Tensor' -> 'metric-tensor' in stress-energy-tensor
Linked 'Block Universe' -> 'block-universe' in stress-energy-tensor
Linked 'Black Holes' -> 'black-holes' in stress-energy-tensor
Repaired and updated links in app/config/content/astrophysics.json
LOADED: 5763 pre-rendered SVGs from persistent cache.
LOADED: Build manifest with 1551 hashes.
Pre-rendering 3 associated formulas...
Phase 1: Batch rendering SVGs for 1519 subtopics...
SUCCESS: Search index updated with 1519 entries.
SAVED: 5768 SVGs to persistent cache.
SUCCESS: Fully sharded save complete in app/config/content
Committing to Git: Great Expansion: Content Update 2026-05-17 11:42...
✓ Git commit successful.
Injecting dark-energy-density into MariaDB...
LOADED: 5768 pre-rendered SVGs from persistent cache.
LOADED: Build manifest with 1551 hashes.

[1m=== INTEGRITY SHIELD (SHARDED) ===[0m
Directory: app/config/content
Status: 14 shards, 1519 topics.
Stats:  11620 links, 4618 formula refs.
[93mNOTE: 'jsonschema' library not found. Skipping structural validation.[0m

[93mWARNINGS (1033):[0m
  - Non-Technical: [energy-momentum-relation] density too low (Score: 5).
  - Low Depth: [reynolds-transport-theorem-physics] word count too low (446).
  - Low Depth: [relativistic-4-force-dynamics] word count too low (485).
  - Low Depth: [weak-form-newton] word count too low (487).
  - Low Depth: [retardation-effect] word count too low (432).
  ... and 1028 more.

[92m✓ SHIELD SECURE: All shards are valid and linked.[0m
Successfully committed dark-energy-density. Next target: quintessence

[2026-05-17 11:42:53] Removed trigger: dark-energy-density.json
[2026-05-17 11:44:01] Detected trigger: quintessence.json
[2026-05-17 11:44:01] Executing commit for: quintessence
[2026-05-17 11:44:01] FAILURE: quintessence failed with code 1
[2026-05-17 11:44:01] Traceback (most recent call last):
  File "/Users/holobetj/code/gemini/terra/scripts/maintenance/commit_node.py", line 208, in <module>
    commit_node(slug_arg, html_arg, ident_arg)
    ~~~~~~~~~~~^^^^^^^^^^^^^^^^^^^^^^^^^^^^^^^
  File "/Users/holobetj/code/gemini/terra/scripts/maintenance/commit_node.py", line 76, in commit_node
    new_fids = register_identities(identities_file, slug, orch)
  File "/Users/holobetj/code/gemini/terra/scripts/maintenance/commit_node.py", line 13, in register_identities
    identities_list = json.load(f)
  File "/opt/homebrew/Cellar/python@3.14/3.14.5/Frameworks/Python.framework/Versions/3.14/lib/python3.14/json/__init__.py", line 298, in load
    return loads(fp.read(),
        cls=cls, object_hook=object_hook,
        parse_float=parse_float, parse_int=parse_int,
        parse_constant=parse_constant, object_pairs_hook=object_pairs_hook, **kw)
  File "/opt/homebrew/Cellar/python@3.14/3.14.5/Frameworks/Python.framework/Versions/3.14/lib/python3.14/json/__init__.py", line 352, in loads
    return _default_decoder.decode(s)
           ~~~~~~~~~~~~~~~~~~~~~~~^^^
  File "/opt/homebrew/Cellar/python@3.14/3.14.5/Frameworks/Python.framework/Versions/3.14/lib/python3.14/json/decoder.py", line 345, in decode
    obj, end = self.raw_decode(s, idx=_w(s, 0).end())
               ~~~~~~~~~~~~~~~^^^^^^^^^^^^^^^^^^^^^^^
  File "/opt/homebrew/Cellar/python@3.14/3.14.5/Frameworks/Python.framework/Versions/3.14/lib/python3.14/json/decoder.py", line 363, in raw_decode
    raise JSONDecodeError("Expecting value", s, err.value) from None
json.decoder.JSONDecodeError: Expecting value: line 17 column 21 (char 1059)

[2026-05-17 11:44:01] LOADED: 5768 pre-rendered SVGs from persistent cache.
LOADED: Build manifest with 1551 hashes.

[2026-05-17 11:44:01] Removed trigger: quintessence.json
[2026-05-17 11:44:33] Detected trigger: quintessence.json
[2026-05-17 11:44:33] Executing commit for: quintessence
[2026-05-17 11:44:40] SUCCESS: quintessence committed.
[2026-05-17 11:44:40] ✓ MariaDB Injection Successful: [quintessence]
LOADED: 5768 pre-rendered SVGs from persistent cache.
LOADED: Build manifest with 1551 hashes.
REGISTERED: quintessence-scalar-lagrangian-ident-7f7898d2
REGISTERED: quintessence-eos-time-evolution-06afc50e
Saved updated formula registry to disk.
Linked 'Negative Pressure' -> 'negative-pressure' in quintessence
Linked 'Quantum Field Theory' -> 'quantum-field-theory' in quintessence
Linked 'General Relativity' -> 'general-relativity' in quintessence
Linked 'Scientific Realism' -> 'scientific-realism' in quintessence
Linked 'Block Universe' -> 'block-universe' in quintessence
Linked 'Accelerated Expansion' -> 'accelerated-expansion' in quintessence
Linked 'Energy Density' -> 'energy-density' in quintessence
Linked 'Total Dynamics' -> 'total-dynamics' in quintessence
Linked 'Manifest Covariance' -> 'manifest-covariance' in quintessence
Linked 'Cosmological Constant' -> 'cosmological-constant' in quintessence
Linked 'Born Interpretation' -> 'born-interpretation' in quintessence
Linked 'Grand Unification' -> 'grand-unification' in quintessence
Linked 'Analytical Mechanics' -> 'analytical-mechanics' in quintessence
Linked 'Metric Tensor' -> 'metric-tensor' in quintessence
Linked 'Total Mechanical Energy' -> 'total-mechanical-energy' in quintessence
Linked 'Correspondence Principle' -> 'correspondence-principle' in quintessence
Linked 'Metric Tensor' -> 'metric-tensor' in stress-energy-tensor
Repaired and updated links in app/config/content/astrophysics.json
LOADED: 5768 pre-rendered SVGs from persistent cache.
LOADED: Build manifest with 1551 hashes.
Pre-rendering 2 associated formulas...
Phase 1: Batch rendering SVGs for 1519 subtopics...
SUCCESS: Search index updated with 1519 entries.
SAVED: 5775 SVGs to persistent cache.
SUCCESS: Fully sharded save complete in app/config/content
Committing to Git: Great Expansion: Content Update 2026-05-17 11:44...
✓ Git commit successful.
Injecting quintessence into MariaDB...
LOADED: 5775 pre-rendered SVGs from persistent cache.
LOADED: Build manifest with 1551 hashes.

[1m=== INTEGRITY SHIELD (SHARDED) ===[0m
Directory: app/config/content
Status: 14 shards, 1519 topics.
Stats:  11632 links, 4616 formula refs.
[93mNOTE: 'jsonschema' library not found. Skipping structural validation.[0m

[93mWARNINGS (1034):[0m
  - Non-Technical: [energy-momentum-relation] density too low (Score: 5).
  - Low Depth: [reynolds-transport-theorem-physics] word count too low (446).
  - Low Depth: [relativistic-4-force-dynamics] word count too low (485).
  - Low Depth: [weak-form-newton] word count too low (487).
  - Low Depth: [retardation-effect] word count too low (432).
  ... and 1029 more.

[92m✓ SHIELD SECURE: All shards are valid and linked.[0m
Successfully committed quintessence. Next target: phantom-energy

[2026-05-17 11:44:40] Removed trigger: quintessence.json
[2026-05-17 11:46:17] Detected trigger: phantom-energy.json
[2026-05-17 11:46:17] Executing commit for: phantom-energy
[2026-05-17 11:46:23] SUCCESS: phantom-energy committed.
[2026-05-17 11:46:23] ✓ MariaDB Injection Successful: [phantom-energy]
LOADED: 5775 pre-rendered SVGs from persistent cache.
LOADED: Build manifest with 1551 hashes.
REGISTERED: phantom-energy-eos-limit-64a4a567
REGISTERED: big-rip-singularity-time-scale-0d0b895d
Saved updated formula registry to disk.
Linked 'Negative Pressure' -> 'negative-pressure' in phantom-energy
Linked 'Cosmological Constant' -> 'cosmological-constant' in phantom-energy
Linked 'Analytical Mechanics' -> 'analytical-mechanics' in phantom-energy
Linked 'Block Universe' -> 'block-universe' in phantom-energy
Linked 'Scientific Realism' -> 'scientific-realism' in phantom-energy
Linked 'Total Dynamics' -> 'total-dynamics' in phantom-energy
Linked 'Total Mechanical Energy' -> 'total-mechanical-energy' in phantom-energy
Linked 'Manifest Covariance' -> 'manifest-covariance' in phantom-energy
Linked 'Metric Tensor' -> 'metric-tensor' in phantom-energy
Linked 'Least Action Principle' -> 'least-action-principle' in phantom-energy
Linked 'Black Holes' -> 'black-holes' in phantom-energy
Linked 'Born Interpretation' -> 'born-interpretation' in phantom-energy
Linked 'General Relativity' -> 'general-relativity' in phantom-energy
Linked 'Correspondence Principle' -> 'correspondence-principle' in phantom-energy
Linked 'Angular Frequency' -> 'angular-frequency' in phantom-energy
Repaired and updated links in app/config/content/astrophysics.json
LOADED: 5775 pre-rendered SVGs from persistent cache.
LOADED: Build manifest with 1551 hashes.
Pre-rendering 2 associated formulas...
Phase 1: Batch rendering SVGs for 1519 subtopics...
SUCCESS: Search index updated with 1519 entries.
SAVED: 5779 SVGs to persistent cache.
SUCCESS: Fully sharded save complete in app/config/content
Committing to Git: Great Expansion: Content Update 2026-05-17 11:46...
✓ Git commit successful.
Injecting phantom-energy into MariaDB...
LOADED: 5779 pre-rendered SVGs from persistent cache.
LOADED: Build manifest with 1551 hashes.

[1m=== INTEGRITY SHIELD (SHARDED) ===[0m
Directory: app/config/content
Status: 14 shards, 1519 topics.
Stats:  11645 links, 4614 formula refs.
[93mNOTE: 'jsonschema' library not found. Skipping structural validation.[0m

[93mWARNINGS (1035):[0m
  - Non-Technical: [energy-momentum-relation] density too low (Score: 5).
  - Low Depth: [reynolds-transport-theorem-physics] word count too low (446).
  - Low Depth: [relativistic-4-force-dynamics] word count too low (485).
  - Low Depth: [weak-form-newton] word count too low (487).
  - Low Depth: [retardation-effect] word count too low (432).
  ... and 1030 more.

[92m✓ SHIELD SECURE: All shards are valid and linked.[0m
Successfully committed phantom-energy. Next target: strong-interaction

[2026-05-17 11:46:23] Removed trigger: phantom-energy.json
[2026-05-17 11:47:27] Detected trigger: strong-interaction.json
[2026-05-17 11:47:27] Executing commit for: strong-interaction
[2026-05-17 11:47:34] SUCCESS: strong-interaction committed.
[2026-05-17 11:47:34] ✓ MariaDB Injection Successful: [strong-interaction]
LOADED: 5779 pre-rendered SVGs from persistent cache.
LOADED: Build manifest with 1551 hashes.
REGISTERED: qcd-cornell-potential-interaction-bae38c28
REGISTERED: yukawa-residual-strong-potential-a85488d6
Saved updated formula registry to disk.
Linked 'Quarks' -> 'quarks' in strong-interaction
Linked 'Neutron Stars' -> 'neutron-stars' in strong-interaction
Linked 'Coulomb Barrier' -> 'coulomb-barrier' in strong-interaction
Linked 'Color Charge' -> 'color-charge' in strong-interaction
Linked 'Scientific Realism' -> 'scientific-realism' in strong-interaction
Linked 'Metric Tensor' -> 'metric-tensor' in strong-interaction
Linked 'Block Universe' -> 'block-universe' in strong-interaction
Linked 'Asymptotic Freedom' -> 'asymptotic-freedom' in strong-interaction
Linked 'Total Dynamics' -> 'total-dynamics' in strong-interaction
Linked 'Yukawa Potential' -> 'yukawa-potential' in strong-interaction
Linked 'Nuclear Binding Energy' -> 'nuclear-binding-energy' in strong-interaction
Linked 'Born Interpretation' -> 'born-interpretation' in strong-interaction
Linked 'Dynamical Collapse' -> 'dynamical-collapse' in strong-interaction
Linked 'Black Hole' -> 'black-hole' in strong-interaction
Linked 'Angular Frequency' -> 'angular-frequency' in strong-interaction
Linked 'Correspondence Principle' -> 'correspondence-principle' in strong-interaction
Linked 'Analytical Mechanics' -> 'analytical-mechanics' in strong-interaction
Linked 'Least Action Principle' -> 'least-action-principle' in strong-interaction
Linked 'Cosmological Constant' -> 'cosmological-constant' in phantom-energy
Linked 'Least Action Principle' -> 'least-action-principle' in phantom-energy
Repaired and updated links in app/config/content/astrophysics.json
LOADED: 5779 pre-rendered SVGs from persistent cache.
LOADED: Build manifest with 1551 hashes.
Pre-rendering 2 associated formulas...
Phase 1: Batch rendering SVGs for 1519 subtopics...
SUCCESS: Search index updated with 1519 entries.
SAVED: 5785 SVGs to persistent cache.
SUCCESS: Fully sharded save complete in app/config/content
Committing to Git: Great Expansion: Content Update 2026-05-17 11:47...
✓ Git commit successful.
Injecting strong-interaction into MariaDB...
LOADED: 5785 pre-rendered SVGs from persistent cache.
LOADED: Build manifest with 1551 hashes.

[1m=== INTEGRITY SHIELD (SHARDED) ===[0m
Directory: app/config/content
Status: 14 shards, 1519 topics.
Stats:  11664 links, 4612 formula refs.
[93mNOTE: 'jsonschema' library not found. Skipping structural validation.[0m

[93mWARNINGS (1035):[0m
  - Non-Technical: [energy-momentum-relation] density too low (Score: 5).
  - Low Depth: [reynolds-transport-theorem-physics] word count too low (446).
  - Low Depth: [relativistic-4-force-dynamics] word count too low (485).
  - Low Depth: [weak-form-newton] word count too low (487).
  - Low Depth: [retardation-effect] word count too low (432).
  ... and 1030 more.

[92m✓ SHIELD SECURE: All shards are valid and linked.[0m
Successfully committed strong-interaction. Next target: Pillar Complete

[2026-05-17 11:47:34] Removed trigger: strong-interaction.json
[2026-05-17 11:56:24] Detected trigger: leavitts-law.json
[2026-05-17 11:56:24] Executing commit for: leavitts-law
[2026-05-17 11:56:30] SUCCESS: leavitts-law committed.
[2026-05-17 11:56:30] ✓ MariaDB Injection Successful: [leavitts-law]
LOADED: 5785 pre-rendered SVGs from persistent cache.
LOADED: Build manifest with 1551 hashes.
REGISTERED: qcd-cornell-potential-interaction-bae38c28
REGISTERED: yukawa-residual-strong-potential-a85488d6
Saved updated formula registry to disk.
Linked 'Neutron Stars' -> 'neutron-stars' in strong-interaction
Linked 'Kappa-Mechanism' -> 'kappa-mechanism' in leavitts-law
Linked 'Block Universe' -> 'block-universe' in leavitts-law
Linked 'Scientific Realism' -> 'scientific-realism' in leavitts-law
Linked 'Distance Modulus' -> 'distance-modulus' in leavitts-law
Linked 'Total Dynamics' -> 'total-dynamics' in leavitts-law
Linked 'Manifest Covariance' -> 'manifest-covariance' in leavitts-law
Linked 'Hubble Constant' -> 'hubble-constant' in leavitts-law
Linked 'Stellar Metallicity' -> 'stellar-metallicity' in leavitts-law
Linked 'Nuclear Binding Energy' -> 'nuclear-binding-energy' in leavitts-law
Linked 'Radiative Transfer' -> 'radiative-transfer' in leavitts-law
Linked 'Explosive Expansion' -> 'explosive-expansion' in leavitts-law
Linked 'Metric Tensor' -> 'metric-tensor' in leavitts-law
Linked 'General Relativity' -> 'general-relativity' in leavitts-law
Linked 'Correspondence Principle' -> 'correspondence-principle' in leavitts-law
Linked 'Angular Frequency' -> 'angular-frequency' in leavitts-law
Repaired and updated links in app/config/content/astrophysics.json
LOADED: 5785 pre-rendered SVGs from persistent cache.
LOADED: Build manifest with 1551 hashes.
Pre-rendering 2 associated formulas...
Phase 1: Batch rendering SVGs for 1519 subtopics...
SUCCESS: Search index updated with 1519 entries.
SAVED: 5785 SVGs to persistent cache.
SUCCESS: Fully sharded save complete in app/config/content
Committing to Git: Great Expansion: Content Update 2026-05-17 11:56...
✓ Git commit successful.
Injecting leavitts-law into MariaDB...
LOADED: 5785 pre-rendered SVGs from persistent cache.
LOADED: Build manifest with 1551 hashes.

[1m=== INTEGRITY SHIELD (SHARDED) ===[0m
Directory: app/config/content
Status: 14 shards, 1519 topics.
Stats:  11668 links, 4613 formula refs.
[93mNOTE: 'jsonschema' library not found. Skipping structural validation.[0m

[93mWARNINGS (1035):[0m
  - Non-Technical: [energy-momentum-relation] density too low (Score: 5).
  - Low Depth: [reynolds-transport-theorem-physics] word count too low (446).
  - Low Depth: [relativistic-4-force-dynamics] word count too low (485).
  - Low Depth: [weak-form-newton] word count too low (487).
  - Low Depth: [retardation-effect] word count too low (432).
  ... and 1030 more.

[92m✓ SHIELD SECURE: All shards are valid and linked.[0m
Successfully committed leavitts-law. Next target: Pillar Complete

[2026-05-17 11:56:30] Removed trigger: leavitts-law.json
[2026-05-17 11:59:39] Detected trigger: stress-energy-tensor.json
[2026-05-17 11:59:39] Executing commit for: stress-energy-tensor
[2026-05-17 11:59:45] SUCCESS: stress-energy-tensor committed.
[2026-05-17 11:59:45] ✓ MariaDB Injection Successful: [stress-energy-tensor]
LOADED: 5785 pre-rendered SVGs from persistent cache.
LOADED: Build manifest with 1551 hashes.
REGISTERED: qcd-cornell-potential-interaction-bae38c28
REGISTERED: yukawa-residual-strong-potential-a85488d6
Saved updated formula registry to disk.
Linked 'Block Universe' -> 'block-universe' in leavitts-law
Linked 'General Relativity' -> 'general-relativity' in stress-energy-tensor
Linked 'Block Universe' -> 'block-universe' in stress-energy-tensor
Linked 'Fermions' -> 'fermions' in stress-energy-tensor
Linked 'Metric Tensor' -> 'metric-tensor' in stress-energy-tensor
Linked 'Analytical Mechanics' -> 'analytical-mechanics' in stress-energy-tensor
Linked 'Scientific Realism' -> 'scientific-realism' in stress-energy-tensor
Linked 'Four-Velocity' -> 'four-velocity' in stress-energy-tensor
Linked 'Hydrostatic Equilibrium' -> 'hydrostatic-equilibrium' in stress-energy-tensor
Linked 'Covariant Divergence' -> 'covariant-divergence' in stress-energy-tensor
Linked 'Total Dynamics' -> 'total-dynamics' in stress-energy-tensor
Linked 'Manifest Covariance' -> 'manifest-covariance' in stress-energy-tensor
Linked 'Unitarity' -> 'unitarity' in stress-energy-tensor
Linked 'Einstein Field Equations' -> 'einstein-field-equations' in stress-energy-tensor
Linked 'Einstein Tensor' -> 'einstein-tensor' in stress-energy-tensor
Linked 'Neutron Stars' -> 'neutron-stars' in stress-energy-tensor
Linked 'Black Holes' -> 'black-holes' in stress-energy-tensor
Linked 'TOV Equation' -> 'tov-equation' in stress-energy-tensor
Linked 'Event Horizon' -> 'event-horizon' in stress-energy-tensor
Linked 'Total Mechanical Energy' -> 'total-mechanical-energy' in stress-energy-tensor
Linked 'Born Interpretation' -> 'born-interpretation' in stress-energy-tensor
Linked 'Explosive Expansion' -> 'explosive-expansion' in stress-energy-tensor
Linked 'Dark Energy Density' -> 'dark-energy-density' in stress-energy-tensor
Linked 'Dark Matter' -> 'dark-matter' in stress-energy-tensor
Linked 'Angular Frequency' -> 'angular-frequency' in stress-energy-tensor
Linked 'Correspondence Principle' -> 'correspondence-principle' in stress-energy-tensor
Repaired and updated links in app/config/content/astrophysics.json
LOADED: 5785 pre-rendered SVGs from persistent cache.
LOADED: Build manifest with 1551 hashes.
Pre-rendering 2 associated formulas...
Phase 1: Batch rendering SVGs for 1519 subtopics...
SUCCESS: Search index updated with 1519 entries.
SAVED: 5785 SVGs to persistent cache.
SUCCESS: Fully sharded save complete in app/config/content
Committing to Git: Great Expansion: Content Update 2026-05-17 11:59...
✓ Git commit successful.
Injecting stress-energy-tensor into MariaDB...
LOADED: 5785 pre-rendered SVGs from persistent cache.
LOADED: Build manifest with 1551 hashes.

[1m=== INTEGRITY SHIELD (SHARDED) ===[0m
Directory: app/config/content
Status: 14 shards, 1519 topics.
Stats:  11668 links, 4613 formula refs.
[93mNOTE: 'jsonschema' library not found. Skipping structural validation.[0m

[93mWARNINGS (1035):[0m
  - Non-Technical: [energy-momentum-relation] density too low (Score: 5).
  - Low Depth: [reynolds-transport-theorem-physics] word count too low (446).
  - Low Depth: [relativistic-4-force-dynamics] word count too low (485).
  - Low Depth: [weak-form-newton] word count too low (487).
  - Low Depth: [retardation-effect] word count too low (432).
  ... and 1030 more.

[92m✓ SHIELD SECURE: All shards are valid and linked.[0m
Successfully committed stress-energy-tensor. Next target: Pillar Complete

[2026-05-17 11:59:45] Removed trigger: stress-energy-tensor.json
[2026-05-17 12:00:26] Detected trigger: dark-energy-density.json
[2026-05-17 12:00:26] Executing commit for: dark-energy-density
[2026-05-17 12:00:32] SUCCESS: dark-energy-density committed.
[2026-05-17 12:00:32] ✓ MariaDB Injection Successful: [dark-energy-density]
LOADED: 5785 pre-rendered SVGs from persistent cache.
LOADED: Build manifest with 1551 hashes.
REGISTERED: qcd-cornell-potential-interaction-bae38c28
REGISTERED: yukawa-residual-strong-potential-a85488d6
Saved updated formula registry to disk.
Linked 'Block Universe' -> 'block-universe' in dark-energy-density
Linked 'Cosmological Constant' -> 'cosmological-constant' in dark-energy-density
Linked 'Metric Tensor' -> 'metric-tensor' in dark-energy-density
Linked 'Quantum Field Theory' -> 'quantum-field-theory' in dark-energy-density
Linked 'General Relativity' -> 'general-relativity' in dark-energy-density
Linked 'Scientific Realism' -> 'scientific-realism' in dark-energy-density
Linked 'Dark Matter' -> 'dark-matter' in dark-energy-density
Linked 'Total Dynamics' -> 'total-dynamics' in dark-energy-density
Linked 'Accelerated Expansion' -> 'accelerated-expansion' in dark-energy-density
Linked 'Equation of State' -> 'equation-of-state' in dark-energy-density
Linked 'Einstein Field Equations' -> 'einstein-field-equations' in dark-energy-density
Linked 'Stationary Action Principle' -> 'stationary-action-principle' in dark-energy-density
Linked 'Quintessence' -> 'quintessence' in dark-energy-density
Linked 'Phantom Energy' -> 'phantom-energy' in dark-energy-density
Linked 'Fermions' -> 'fermions' in dark-energy-density
Linked 'Born Interpretation' -> 'born-interpretation' in dark-energy-density
Linked 'Quantum Gravity' -> 'quantum-gravity' in dark-energy-density
Linked 'Correspondence Principle' -> 'correspondence-principle' in dark-energy-density
Linked 'Metric Tensor' -> 'metric-tensor' in stress-energy-tensor
Linked 'Block Universe' -> 'block-universe' in stress-energy-tensor
Linked 'Black Holes' -> 'black-holes' in stress-energy-tensor
Repaired and updated links in app/config/content/astrophysics.json
LOADED: 5785 pre-rendered SVGs from persistent cache.
LOADED: Build manifest with 1551 hashes.
Pre-rendering 2 associated formulas...
Phase 1: Batch rendering SVGs for 1519 subtopics...
SUCCESS: Search index updated with 1519 entries.
SAVED: 5785 SVGs to persistent cache.
SUCCESS: Fully sharded save complete in app/config/content
Committing to Git: Great Expansion: Content Update 2026-05-17 12:00...
✓ Git commit successful.
Injecting dark-energy-density into MariaDB...
LOADED: 5785 pre-rendered SVGs from persistent cache.
LOADED: Build manifest with 1551 hashes.

[1m=== INTEGRITY SHIELD (SHARDED) ===[0m
Directory: app/config/content
Status: 14 shards, 1519 topics.
Stats:  11676 links, 4612 formula refs.
[93mNOTE: 'jsonschema' library not found. Skipping structural validation.[0m

[93mWARNINGS (1035):[0m
  - Non-Technical: [energy-momentum-relation] density too low (Score: 5).
  - Low Depth: [reynolds-transport-theorem-physics] word count too low (446).
  - Low Depth: [relativistic-4-force-dynamics] word count too low (485).
  - Low Depth: [weak-form-newton] word count too low (487).
  - Low Depth: [retardation-effect] word count too low (432).
  ... and 1030 more.

[92m✓ SHIELD SECURE: All shards are valid and linked.[0m
Successfully committed dark-energy-density. Next target: Pillar Complete

[2026-05-17 12:00:32] Removed trigger: dark-energy-density.json
[2026-05-17 12:00:56] Detected trigger: quintessence.json
[2026-05-17 12:00:56] Executing commit for: quintessence
[2026-05-17 12:01:02] SUCCESS: quintessence committed.
[2026-05-17 12:01:02] ✓ MariaDB Injection Successful: [quintessence]
LOADED: 5785 pre-rendered SVGs from persistent cache.
LOADED: Build manifest with 1551 hashes.
REGISTERED: qcd-cornell-potential-interaction-bae38c28
REGISTERED: yukawa-residual-strong-potential-a85488d6
Saved updated formula registry to disk.
Linked 'Negative Pressure' -> 'negative-pressure' in quintessence
Linked 'Quantum Field Theory' -> 'quantum-field-theory' in quintessence
Linked 'General Relativity' -> 'general-relativity' in quintessence
Linked 'Scientific Realism' -> 'scientific-realism' in quintessence
Linked 'Block Universe' -> 'block-universe' in quintessence
Linked 'Accelerated Expansion' -> 'accelerated-expansion' in quintessence
Linked 'Energy Density' -> 'energy-density' in quintessence
Linked 'Total Dynamics' -> 'total-dynamics' in quintessence
Linked 'Manifest Covariance' -> 'manifest-covariance' in quintessence
Linked 'Equation of State' -> 'equation-of-state' in quintessence
Linked 'Cosmological Constant' -> 'cosmological-constant' in quintessence
Linked 'Born Interpretation' -> 'born-interpretation' in quintessence
Linked 'Grand Unification' -> 'grand-unification' in quintessence
Linked 'String Theory' -> 'string-theory' in quintessence
Linked 'Analytical Mechanics' -> 'analytical-mechanics' in quintessence
Linked 'Metric Tensor' -> 'metric-tensor' in quintessence
Linked 'Dark Matter' -> 'dark-matter' in quintessence
Linked 'Total Mechanical Energy' -> 'total-mechanical-energy' in quintessence
Linked 'Correspondence Principle' -> 'correspondence-principle' in quintessence
Linked 'Block Universe' -> 'block-universe' in dark-energy-density
Linked 'Metric Tensor' -> 'metric-tensor' in stress-energy-tensor
Repaired and updated links in app/config/content/astrophysics.json
LOADED: 5785 pre-rendered SVGs from persistent cache.
LOADED: Build manifest with 1551 hashes.
Pre-rendering 2 associated formulas...
Phase 1: Batch rendering SVGs for 1519 subtopics...
SUCCESS: Search index updated with 1519 entries.
SAVED: 5785 SVGs to persistent cache.
SUCCESS: Fully sharded save complete in app/config/content
Committing to Git: Great Expansion: Content Update 2026-05-17 12:00...
✓ Git commit successful.
Injecting quintessence into MariaDB...
LOADED: 5785 pre-rendered SVGs from persistent cache.
LOADED: Build manifest with 1551 hashes.

[1m=== INTEGRITY SHIELD (SHARDED) ===[0m
Directory: app/config/content
Status: 14 shards, 1519 topics.
Stats:  11681 links, 4612 formula refs.
[93mNOTE: 'jsonschema' library not found. Skipping structural validation.[0m

[93mWARNINGS (1035):[0m
  - Non-Technical: [energy-momentum-relation] density too low (Score: 5).
  - Low Depth: [reynolds-transport-theorem-physics] word count too low (446).
  - Low Depth: [relativistic-4-force-dynamics] word count too low (485).
  - Low Depth: [weak-form-newton] word count too low (487).
  - Low Depth: [retardation-effect] word count too low (432).
  ... and 1030 more.

[92m✓ SHIELD SECURE: All shards are valid and linked.[0m
Successfully committed quintessence. Next target: Pillar Complete

[2026-05-17 12:01:02] Removed trigger: quintessence.json
[2026-05-17 12:01:57] Detected trigger: phantom-energy.json
[2026-05-17 12:01:57] Executing commit for: phantom-energy
[2026-05-17 12:02:03] SUCCESS: phantom-energy committed.
[2026-05-17 12:02:03] ✓ MariaDB Injection Successful: [phantom-energy]
LOADED: 5785 pre-rendered SVGs from persistent cache.
LOADED: Build manifest with 1551 hashes.
REGISTERED: qcd-cornell-potential-interaction-bae38c28
REGISTERED: yukawa-residual-strong-potential-a85488d6
Saved updated formula registry to disk.
Linked 'Negative Pressure' -> 'negative-pressure' in phantom-energy
Linked 'Equation of State' -> 'equation-of-state' in phantom-energy
Linked 'Cosmological Constant' -> 'cosmological-constant' in phantom-energy
Linked 'Analytical Mechanics' -> 'analytical-mechanics' in phantom-energy
Linked 'Block Universe' -> 'block-universe' in phantom-energy
Linked 'Scientific Realism' -> 'scientific-realism' in phantom-energy
Linked 'Total Dynamics' -> 'total-dynamics' in phantom-energy
Linked 'Total Mechanical Energy' -> 'total-mechanical-energy' in phantom-energy
Linked 'Manifest Covariance' -> 'manifest-covariance' in phantom-energy
Linked 'Metric Tensor' -> 'metric-tensor' in phantom-energy
Linked 'Least Action Principle' -> 'least-action-principle' in phantom-energy
Linked 'Black Holes' -> 'black-holes' in phantom-energy
Linked 'Born Interpretation' -> 'born-interpretation' in phantom-energy
Linked 'General Relativity' -> 'general-relativity' in phantom-energy
Linked 'Quantum Gravity' -> 'quantum-gravity' in phantom-energy
Linked 'Correspondence Principle' -> 'correspondence-principle' in phantom-energy
Linked 'Angular Frequency' -> 'angular-frequency' in phantom-energy
Repaired and updated links in app/config/content/astrophysics.json
LOADED: 5785 pre-rendered SVGs from persistent cache.
LOADED: Build manifest with 1551 hashes.
Pre-rendering 2 associated formulas...
Phase 1: Batch rendering SVGs for 1519 subtopics...
SUCCESS: Search index updated with 1519 entries.
SAVED: 5785 SVGs to persistent cache.
SUCCESS: Fully sharded save complete in app/config/content
Committing to Git: Great Expansion: Content Update 2026-05-17 12:01...
✓ Git commit successful.
Injecting phantom-energy into MariaDB...
LOADED: 5785 pre-rendered SVGs from persistent cache.
LOADED: Build manifest with 1551 hashes.

[1m=== INTEGRITY SHIELD (SHARDED) ===[0m
Directory: app/config/content
Status: 14 shards, 1519 topics.
Stats:  11681 links, 4612 formula refs.
[93mNOTE: 'jsonschema' library not found. Skipping structural validation.[0m

[93mWARNINGS (1035):[0m
  - Non-Technical: [energy-momentum-relation] density too low (Score: 5).
  - Low Depth: [reynolds-transport-theorem-physics] word count too low (446).
  - Low Depth: [relativistic-4-force-dynamics] word count too low (485).
  - Low Depth: [weak-form-newton] word count too low (487).
  - Low Depth: [retardation-effect] word count too low (432).
  ... and 1030 more.

[92m✓ SHIELD SECURE: All shards are valid and linked.[0m
Successfully committed phantom-energy. Next target: Pillar Complete

[2026-05-17 12:02:03] Removed trigger: phantom-energy.json
[2026-05-17 12:02:51] Detected trigger: strong-interaction.json
[2026-05-17 12:02:51] Executing commit for: strong-interaction
[2026-05-17 12:02:57] SUCCESS: strong-interaction committed.
[2026-05-17 12:02:57] ✓ MariaDB Injection Successful: [strong-interaction]
LOADED: 5785 pre-rendered SVGs from persistent cache.
LOADED: Build manifest with 1551 hashes.
REGISTERED: qcd-cornell-potential-interaction-bae38c28
REGISTERED: yukawa-residual-strong-potential-a85488d6
Saved updated formula registry to disk.
Linked 'Quarks' -> 'quarks' in strong-interaction
Linked 'Neutron Stars' -> 'neutron-stars' in strong-interaction
Linked 'Coulomb Barrier' -> 'coulomb-barrier' in strong-interaction
Linked 'Color Charge' -> 'color-charge' in strong-interaction
Linked 'Scientific Realism' -> 'scientific-realism' in strong-interaction
Linked 'Metric Tensor' -> 'metric-tensor' in strong-interaction
Linked 'Block Universe' -> 'block-universe' in strong-interaction
Linked 'Asymptotic Freedom' -> 'asymptotic-freedom' in strong-interaction
Linked 'Total Dynamics' -> 'total-dynamics' in strong-interaction
Linked 'Yukawa Potential' -> 'yukawa-potential' in strong-interaction
Linked 'Nuclear Binding Energy' -> 'nuclear-binding-energy' in strong-interaction
Linked 'Born Interpretation' -> 'born-interpretation' in strong-interaction
Linked 'Dynamical Collapse' -> 'dynamical-collapse' in strong-interaction
Linked 'Black Hole' -> 'black-hole' in strong-interaction
Linked 'Angular Frequency' -> 'angular-frequency' in strong-interaction
Linked 'Correspondence Principle' -> 'correspondence-principle' in strong-interaction
Linked 'Analytical Mechanics' -> 'analytical-mechanics' in strong-interaction
Linked 'Least Action Principle' -> 'least-action-principle' in strong-interaction
Linked 'Cosmological Constant' -> 'cosmological-constant' in phantom-energy
Linked 'Metric Tensor' -> 'metric-tensor' in phantom-energy
Linked 'Least Action Principle' -> 'least-action-principle' in phantom-energy
Repaired and updated links in app/config/content/astrophysics.json
LOADED: 5785 pre-rendered SVGs from persistent cache.
LOADED: Build manifest with 1551 hashes.
Pre-rendering 2 associated formulas...
Phase 1: Batch rendering SVGs for 1519 subtopics...
SUCCESS: Search index updated with 1519 entries.
SAVED: 5785 SVGs to persistent cache.
SUCCESS: Fully sharded save complete in app/config/content
Committing to Git: Great Expansion: Content Update 2026-05-17 12:02...
✓ Git commit successful.
Injecting strong-interaction into MariaDB...
LOADED: 5785 pre-rendered SVGs from persistent cache.
LOADED: Build manifest with 1551 hashes.

[1m=== INTEGRITY SHIELD (SHARDED) ===[0m
Directory: app/config/content
Status: 14 shards, 1519 topics.
Stats:  11683 links, 4612 formula refs.
[93mNOTE: 'jsonschema' library not found. Skipping structural validation.[0m

[93mWARNINGS (1035):[0m
  - Non-Technical: [energy-momentum-relation] density too low (Score: 5).
  - Low Depth: [reynolds-transport-theorem-physics] word count too low (446).
  - Low Depth: [relativistic-4-force-dynamics] word count too low (485).
  - Low Depth: [weak-form-newton] word count too low (487).
  - Low Depth: [retardation-effect] word count too low (432).
  ... and 1030 more.

[92m✓ SHIELD SECURE: All shards are valid and linked.[0m
Successfully committed strong-interaction. Next target: Pillar Complete

[2026-05-17 12:02:57] Removed trigger: strong-interaction.json
[2026-05-17 12:03:40] Detected trigger: einstein-tensor.json
[2026-05-17 12:03:40] Executing commit for: einstein-tensor
[2026-05-17 12:03:46] SUCCESS: einstein-tensor committed.
[2026-05-17 12:03:46] ✓ MariaDB Injection Successful: [einstein-tensor]
LOADED: 5785 pre-rendered SVGs from persistent cache.
LOADED: Build manifest with 1551 hashes.
REGISTERED: qcd-cornell-potential-interaction-bae38c28
REGISTERED: yukawa-residual-strong-potential-a85488d6
Saved updated formula registry to disk.
Linked 'Neutron Stars' -> 'neutron-stars' in strong-interaction
Linked 'Metric Tensor' -> 'metric-tensor' in strong-interaction
Linked 'Block Universe' -> 'block-universe' in einstein-tensor
Linked 'General Relativity' -> 'general-relativity' in einstein-tensor
Linked 'Scientific Realism' -> 'scientific-realism' in einstein-tensor
Linked 'Metric Tensor' -> 'metric-tensor' in einstein-tensor
Linked 'Ricci Tensor' -> 'ricci-tensor' in einstein-tensor
Linked 'Ricci Scalar' -> 'ricci-scalar' in einstein-tensor
Linked 'Covariant Divergence' -> 'covariant-divergence' in einstein-tensor
Linked 'Stress-Energy Tensor' -> 'stress-energy-tensor' in einstein-tensor
Linked 'Total Dynamics' -> 'total-dynamics' in einstein-tensor
Linked 'Manifest Covariance' -> 'manifest-covariance' in einstein-tensor
Linked 'Unitarity' -> 'unitarity' in einstein-tensor
Linked 'Cosmological Constant' -> 'cosmological-constant' in einstein-tensor
Linked 'Minkowski Spacetime' -> 'minkowski-spacetime' in einstein-tensor
Linked 'Least Action Principle' -> 'least-action-principle' in einstein-tensor
Linked 'Total Mechanical Energy' -> 'total-mechanical-energy' in einstein-tensor
Linked 'Explosive Expansion' -> 'explosive-expansion' in einstein-tensor
Linked 'Angular Frequency' -> 'angular-frequency' in einstein-tensor
Linked 'Black Holes' -> 'black-holes' in einstein-tensor
Linked 'Born Interpretation' -> 'born-interpretation' in einstein-tensor
Linked 'Correspondence Principle' -> 'correspondence-principle' in einstein-tensor
Repaired and updated links in app/config/content/astrophysics.json
LOADED: 5785 pre-rendered SVGs from persistent cache.
LOADED: Build manifest with 1551 hashes.
Pre-rendering 2 associated formulas...
Phase 1: Batch rendering SVGs for 1519 subtopics...
SUCCESS: Search index updated with 1519 entries.
SAVED: 5785 SVGs to persistent cache.
SUCCESS: Fully sharded save complete in app/config/content
Committing to Git: Great Expansion: Content Update 2026-05-17 12:03...
✓ Git commit successful.
Injecting einstein-tensor into MariaDB...
LOADED: 5785 pre-rendered SVGs from persistent cache.
LOADED: Build manifest with 1551 hashes.

[1m=== INTEGRITY SHIELD (SHARDED) ===[0m
Directory: app/config/content
Status: 14 shards, 1519 topics.
Stats:  11683 links, 4611 formula refs.
[93mNOTE: 'jsonschema' library not found. Skipping structural validation.[0m

[93mWARNINGS (1035):[0m
  - Non-Technical: [energy-momentum-relation] density too low (Score: 5).
  - Low Depth: [reynolds-transport-theorem-physics] word count too low (446).
  - Low Depth: [relativistic-4-force-dynamics] word count too low (485).
  - Low Depth: [weak-form-newton] word count too low (487).
  - Low Depth: [retardation-effect] word count too low (432).
  ... and 1030 more.

[92m✓ SHIELD SECURE: All shards are valid and linked.[0m
Successfully committed einstein-tensor. Next target: Pillar Complete

[2026-05-17 12:03:46] Removed trigger: einstein-tensor.json
[2026-05-17 12:03:53] Detected trigger: covariant-divergence.json
[2026-05-17 12:03:53] Executing commit for: covariant-divergence
[2026-05-17 12:04:00] SUCCESS: covariant-divergence committed.
[2026-05-17 12:04:00] ✓ MariaDB Injection Successful: [covariant-divergence]
LOADED: 5785 pre-rendered SVGs from persistent cache.
LOADED: Build manifest with 1551 hashes.
REGISTERED: qcd-cornell-potential-interaction-bae38c28
REGISTERED: yukawa-residual-strong-potential-a85488d6
Saved updated formula registry to disk.
Linked 'Stress-Energy Tensor' -> 'stress-energy-tensor' in einstein-tensor
Linked 'Metric Tensor' -> 'metric-tensor' in einstein-tensor
Linked 'Least Action Principle' -> 'least-action-principle' in einstein-tensor
Linked 'Block Universe' -> 'block-universe' in covariant-divergence
Linked 'General Relativity' -> 'general-relativity' in covariant-divergence
Linked 'Scientific Realism' -> 'scientific-realism' in covariant-divergence
Linked 'Metric Tensor' -> 'metric-tensor' in covariant-divergence
Linked 'Christoffel Symbols' -> 'christoffel-symbols' in covariant-divergence
Linked 'Total Dynamics' -> 'total-dynamics' in covariant-divergence
Linked 'Manifest Covariance' -> 'manifest-covariance' in covariant-divergence
Linked 'Stress-Energy Tensor' -> 'stress-energy-tensor' in covariant-divergence
Linked 'Einstein Tensor' -> 'einstein-tensor' in covariant-divergence
Linked 'Stationary Action Principle' -> 'stationary-action-principle' in covariant-divergence
Linked 'Explosive Expansion' -> 'explosive-expansion' in covariant-divergence
Linked 'Dark Energy Density' -> 'dark-energy-density' in covariant-divergence
Linked 'Angular Frequency' -> 'angular-frequency' in covariant-divergence
Linked 'Black Holes' -> 'black-holes' in covariant-divergence
Linked 'Born Interpretation' -> 'born-interpretation' in covariant-divergence
Linked 'Correspondence Principle' -> 'correspondence-principle' in covariant-divergence
Linked 'Least Action Principle' -> 'least-action-principle' in covariant-divergence
Repaired and updated links in app/config/content/astrophysics.json
LOADED: 5785 pre-rendered SVGs from persistent cache.
LOADED: Build manifest with 1551 hashes.
Pre-rendering 2 associated formulas...
Phase 1: Batch rendering SVGs for 1519 subtopics...
SUCCESS: Search index updated with 1519 entries.
SAVED: 5786 SVGs to persistent cache.
SUCCESS: Fully sharded save complete in app/config/content
Committing to Git: Great Expansion: Content Update 2026-05-17 12:03...
✓ Git commit successful.
Injecting covariant-divergence into MariaDB...
LOADED: 5786 pre-rendered SVGs from persistent cache.
LOADED: Build manifest with 1551 hashes.

[1m=== INTEGRITY SHIELD (SHARDED) ===[0m
Directory: app/config/content
Status: 14 shards, 1519 topics.
Stats:  11682 links, 4610 formula refs.
[93mNOTE: 'jsonschema' library not found. Skipping structural validation.[0m

[93mWARNINGS (1035):[0m
  - Non-Technical: [energy-momentum-relation] density too low (Score: 5).
  - Low Depth: [reynolds-transport-theorem-physics] word count too low (446).
  - Low Depth: [relativistic-4-force-dynamics] word count too low (485).
  - Low Depth: [weak-form-newton] word count too low (487).
  - Low Depth: [retardation-effect] word count too low (432).
  ... and 1030 more.

[92m✓ SHIELD SECURE: All shards are valid and linked.[0m
Successfully committed covariant-divergence. Next target: Pillar Complete

[2026-05-17 12:04:00] Removed trigger: covariant-divergence.json
[2026-05-17 12:04:43] Detected trigger: explosive-expansion.json
[2026-05-17 12:04:43] Executing commit for: explosive-expansion
[2026-05-17 12:04:49] SUCCESS: explosive-expansion committed.
[2026-05-17 12:04:49] ✓ MariaDB Injection Successful: [explosive-expansion]
LOADED: 5786 pre-rendered SVGs from persistent cache.
LOADED: Build manifest with 1551 hashes.
REGISTERED: qcd-cornell-potential-interaction-bae38c28
REGISTERED: yukawa-residual-strong-potential-a85488d6
Saved updated formula registry to disk.
Linked 'Block Universe' -> 'block-universe' in explosive-expansion
Linked 'Least Action Principle' -> 'least-action-principle' in explosive-expansion
Linked 'General Relativity' -> 'general-relativity' in explosive-expansion
Linked 'Scientific Realism' -> 'scientific-realism' in explosive-expansion
Linked 'Metric Tensor' -> 'metric-tensor' in explosive-expansion
Linked 'Cosmological Constant' -> 'cosmological-constant' in explosive-expansion
Linked 'Total Dynamics' -> 'total-dynamics' in explosive-expansion
Linked 'Dark Energy Density' -> 'dark-energy-density' in explosive-expansion
Linked 'Total Mechanical Energy' -> 'total-mechanical-energy' in explosive-expansion
Linked 'Manifest Covariance' -> 'manifest-covariance' in explosive-expansion
Linked 'Born Interpretation' -> 'born-interpretation' in explosive-expansion
Linked 'Nuclear Binding Energy' -> 'nuclear-binding-energy' in explosive-expansion
Linked 'Shock Wave' -> 'shock-wave' in explosive-expansion
Linked 'Virial Theorem' -> 'virial-theorem' in explosive-expansion
Linked 'Cosmic Inflation' -> 'cosmic-inflation' in explosive-expansion
Linked 'Horizon Problem' -> 'horizon-problem' in explosive-expansion
Linked 'Flatness Problem' -> 'flatness-problem' in explosive-expansion
Linked 'Angular Frequency' -> 'angular-frequency' in explosive-expansion
Linked 'Black Holes' -> 'black-holes' in explosive-expansion
Linked 'Hubble flow' -> 'hubble-flow' in explosive-expansion
Linked 'Correspondence Principle' -> 'correspondence-principle' in explosive-expansion
Linked 'Metric Tensor' -> 'metric-tensor' in einstein-tensor
Linked 'Total Dynamics' -> 'total-dynamics' in covariant-divergence
Linked 'Block Universe' -> 'block-universe' in covariant-divergence
Linked 'Metric Tensor' -> 'metric-tensor' in covariant-divergence
Linked 'Christoffel Symbols' -> 'christoffel-symbols' in covariant-divergence
Repaired and updated links in app/config/content/astrophysics.json
LOADED: 5786 pre-rendered SVGs from persistent cache.
LOADED: Build manifest with 1551 hashes.
Pre-rendering 2 associated formulas...
Phase 1: Batch rendering SVGs for 1519 subtopics...
SUCCESS: Search index updated with 1519 entries.
SAVED: 5786 SVGs to persistent cache.
SUCCESS: Fully sharded save complete in app/config/content
Committing to Git: Great Expansion: Content Update 2026-05-17 12:04...
✓ Git commit successful.
Injecting explosive-expansion into MariaDB...
LOADED: 5786 pre-rendered SVGs from persistent cache.
LOADED: Build manifest with 1551 hashes.

[1m=== INTEGRITY SHIELD (SHARDED) ===[0m
Directory: app/config/content
Status: 14 shards, 1519 topics.
Stats:  11685 links, 4609 formula refs.
[93mNOTE: 'jsonschema' library not found. Skipping structural validation.[0m

[93mWARNINGS (1035):[0m
  - Non-Technical: [energy-momentum-relation] density too low (Score: 5).
  - Low Depth: [reynolds-transport-theorem-physics] word count too low (446).
  - Low Depth: [relativistic-4-force-dynamics] word count too low (485).
  - Low Depth: [weak-form-newton] word count too low (487).
  - Low Depth: [retardation-effect] word count too low (432).
  ... and 1030 more.

[92m✓ SHIELD SECURE: All shards are valid and linked.[0m
Successfully committed explosive-expansion. Next target: Pillar Complete

[2026-05-17 12:04:49] Removed trigger: explosive-expansion.json
